verdict,product,file,category,overlap,brand_on_pack,text_found
wrong brand,Arun Ic 10,arun-ic-10.jpg,Beverages,0.0,pepsico,Carbonated Soft Drinks PEPS PEPS Pepsi Black Pepsi Mountain Dew Mirinda 7UP EnergyDrink Club Soda Carbonated Juice-basedDrinks Dukes Sting Sting Blue Evervess 7UpNimboozMasalaSoda FruitPulp/Juice-basedDrinks Lipton Ice Tea Slice 7UP.Nimbooz Tropicana100% Tropicana Delight Peach Lemon Sports Drink Pa
wrong brand,5 Star 5Rs,5-star-5rs.jpg,Chocolates & Candies,0.0,cadbury,Cadbury 5star MORE CARAMEL
wrong brand,Madhuram Jack Fr 105Rs,madhuram-jack-fr-105rs.png,Sweeteners,0.0,patanjali,HRA Net Quantity Suggested Use: Jaggery powder is a natural  : 1 kg traditional product and sweetener. Itcanbeused as a sweetening agent in the Batch No. preparation of different traditional sweets Packaging Date Expiy/Use by Date: Do not add jaggery powder in boiling MRP condition of milk which mig
wrong brand,Madhuram 80,madhuram-80.png,Sweeteners,0.0,patanjali,HRA Net Quantity Suggested Use: Jaggery powder is a natural  : 1 kg traditional product and sweetener. Itcanbeused as a sweetening agent in the Batch No. preparation of different traditional sweets Packaging Date Expiy/Use by Date: Do not add jaggery powder in boiling MRP condition of milk which mig
wrong brand,Horlicks 500g Box,horlicks-500g-box.jpg,Tea & Coffee,0.0,sensodyne,GET PRODYNE SENSODYNE DEEPCLEAN14g WITHTHIS PACK STH CLASSICMALT 500g
wrong brand,D.H Red Aval 500g,d-h-red-aval-500g.jpg,Rice & Cereals,0.5,tata,"100020 tic No lettersofBatchNo.(B)andsee by(SM)SantoshRiceMuisPIu TATA SWEETRECIPEWITRCOCONUT&JAGGERY Red Rice Pillagha ict-Surat,Gujarat394421 No.10020021006602（BA）Bai Ltd.2AToTeaBar Miph in Taste rat-394601.Lic.No.10714022 ISUMER CAREDETAILS:CUSTO CUTIVE.TATA CONSUMER PRO taste LOSKARBUSINESSPARKH"
wrong brand,Bakers Pav Bhaji Masala,bakers-pav-bhaji-masala.jpg,Spices & Masalas,0.5,everest,EVEREST Pav Bhaji Masaia
wrong brand,Park Ave Deo Cool Blue,park-ave-deo-cool-blue.jpg,Personal Care,0.6,"santoor, unilever",MONTHLY YALUE PACK MONTHLY VALUE PACK BRU SANTOOR PUREGLO RGNTHLY VALUEPACK SANTOOR PACKOF1259A Ro ERESH San PARK AVENUE PREMIUMMEN'SSOAP SAVE COOL BLUE Menthol+Multi-Mineral Energizers Liril BUVSGET1FREE BUY3 GET1 FREE FREE CIN
wrong brand,Hald Moong Dal-10rs,hald-moong-dal-10rs.jpg,Pulses & Grains,0.67,haldiram,Haldiram's MOONG DAL rga sation 45%less fat* No RICHIN Cholesterol Zero Trans Fat High DietaryFiber 45%lessfatthanregularpotatochips
wrong brand,Hald Bhujia Sev 400 G,hald-bhujia-sev-400-g.jpg,Bakery & Snacks,0.67,haldiram,Haldiram's INDIAN SNACKS BHUJIA SEV Bikcaneri famous hot-n·spicy PRODUC INDI NE QUANT 600g
wrong brand,Hald Bhujia Sev 200g,hald-bhujia-sev-200g.jpg,Bakery & Snacks,0.67,haldiram,Haldiram's INDIAN SNACKS BHUJIA SEV Bikcaneri famous hot-n·spicy PRODUC INDI NE QUANT 600g
wrong brand,Org Pink Rock Salt 1Kg,org-pink-rock-salt-1kg.jpg,Salt & Condiments,0.75,himalaya,KEN MKENZIE'S FOREVERYDAYSINCE18S2 410gNET HIMALAYAN PINK ROCK SALT
wrong brand,Smoodh 10Rs,smoodh-10rs.jpg,Bakery & Snacks,1.0,parle,HAOOWS Toffee ENJOY DAILY Caramel ANYWHERE. Parle Agro SHAKE AND SMOODH DRINK Toffee Caramel LO Packs forR400 MRP(INCLOFALLTAXES) Parle Agro
wrong brand,L.O.G Asafoetida 100G,l-o-g-asafoetida-100g.jpg,Spices & Masalas,1.0,mtr,"MTR SINCE 1924 ""Strong Flavou HING Compounded Asafoetida Powder Colou Kabuli Hing Quality Promises Taste"
wrong brand,Sunrise Ex 200G S,sunrise-ex-200g-s.webp,Tea & Coffee,1.0,nestle,NESCAFE Sunrise RICH AROMA MADEWITH SLOWROASTED COFFEE BEANS
wrong brand,Sunrise 2Rs,sunrise-2rs.jpg,Tea & Coffee,1.0,nestle,NESCAFE Sunrise RICH AROMA MADE WITHSLOWROASTED COFFEE BEANS
wrong brand,Meswak 200 G,meswak-200-g.png,Personal Care,1.0,dabur,Dabur Looth raste Dabur MESWAK uilh erchacto HERBALTOOTHPASTEDENTIFRICEAUXHERBES Meswak heth Net Wt.: 7.05 oz. (200g) Dabur Looth raste Dabur MESWAK with enchact o HERBALTOOTHPASTE/DENTIFRICEAUXHERBES Net Wt.: 7.05 oz. (200g)
wrong brand,Winner Blades,winner-blades.jpg,Personal Care,1.0,gillette,WINNER By Gillette STAINLESSSTEELBLADES WINNER TM WINNER By Gillette STAINLESS STEEL BLADES WINNER
wrong brand,Lactogen No 2 400 G R,lactogen-no-2-400-g-r.jpg,Baby Care,1.0,nestle,Nestle LACTOGEN Follow-Up Formula Net weight:350g
no overlap,Brit Bourbon 10Rs,brit-bourbon-10rs.jpg,Bakery & Snacks,0.0,,BRITANDBA bourcon ucAunco eBoubonFiends
no overlap,Pma Fun Ville25,pma-fun-ville25.png,Bakery & Snacks,0.0,,MIXEDFRUIT Bakery ALL TIME Family cake UIT
no overlap,Boomer Lollypop,boomer-lollypop.jpg,Chocolates & Candies,0.0,,PIECE BODMER Lollipop BOILEDCONFECTIONERY STRAWBERRY FLAVOUR
no overlap,Polo-10,polo-10.png,Chocolates & Candies,0.0,,PAAN CREATTIEWISJALZATON FLAVOUR THE PAAN WITH THEHOLE
no overlap,Dds Black Grapes 50G,dds-black-grapes-50g.webp,Dry Fruits & Nuts,0.0,,NUTRIA freat DRYGRAPES 000000
no overlap,Dds Salted Pista 50 G,dds-salted-pista-50-g.jpg,Dry Fruits & Nuts,0.0,,Delicious CRYFRUTSSPICES
no overlap,Match Box,match-box.jpg,Household,0.0,,diamond STRIKEON BOX MATCHES 250COUNT LARGE KITCHEN MATCHES
no overlap,A2B 10Rs,a2b-10rs.jpg,Bakery & Snacks,0.0,,MADRASMIXTUP Nh&Tasty PRODUCTOFI
no overlap,Brit Treat Van 10,brit-treat-van-10.jpg,Bakery & Snacks,0.0,,neat BUTTER COOKIES TASTE THE RICHNESS OF TRADITON FINESTBUTTERCOOKIESSELECTION Net. Wt.120z (340g)
no overlap,Canaan 20-30,canaan-20-30.png,Bakery & Snacks,0.0,,"MOVING COMPANY INVOICE MOVING INFORMATION DETAILS PICKUP ADDRESS: DATE: INVOICE NO. DROP-OFF ADDRESS: TERMS: FROM BIlL TO COMPANY: COMPANY: ATTN: ATTN: ADDRESS: ADDRESS: CITY, STATE: CITY, STATE: ZIP: ZIP: PHONE: PHONE: E-MAIL: E-MAIL: RATE ($/HR) LABOR HOURS AMount ($) TOTAL PACKING MATERIALS QUANT"
no overlap,Oreo Rs10,oreo-rs10.jpg,Bakery & Snacks,0.0,,REO EO OR OR REO Packaging Might Vary
no overlap,Par Jam-In 10Rs,par-jam-in-10rs.png,Bakery & Snacks,0.0,,themrgj Tambe's KEDARL'NS BAKER Chakote BAKERY Chakote BALAJI SHALTAEANA Chakote Chakote B-AK-E-R-S UTTER ala Milk BALAJI HilkCauhew KHARI Tatett An SubMe te Moast Sweeto ter HAR DELITE TOAST GOOD Chakote Chakote MORNING SUJI KAR BREAD TOAST MILKTOAST MARVEL TOAST KHARI
no overlap,Fortune Groundnut Oil870G,fortune-groundnut-oil870g.jpg,Cooking Oils,0.0,,AdobeStock|#528276715
no overlap,Scrubber,scrubber.jpg,Household,0.0,,SegaPrize! NHK·NHK儿
no overlap,Maggi Special Masala20Rs,maggi-special-masala20rs.png,Pasta & Noodles,0.0,,Mirute
no overlap,F&L Bb Cream9G,f-l-bb-cream9g.jpg,Personal Care,0.0,,Fair Lovely Fairo BB Lovely INSTANTFAIRLOOK BB MAKE-UPFINISH INSTANTFAIRLOOK HAKE-UPFINISH FAIRNESSCREAM FOUNDATION+ FARNESSCREAM FOUNDATION+
no overlap,Brit 50-50 10Rs,brit-50-50-10rs.jpg,Bakery & Snacks,0.0,,BRITANNLA &SALTY &SALTY SWEET&SALTY
no overlap,Brit 50-50 Timepass 5Rs,brit-50-50-timepass-5rs.png,Bakery & Snacks,0.0,,EEITNNE 50ME
no overlap,Sundrop Peanut But Crunchy924G,sundrop-peanut-but-crunchy924g.jpg,Health & Wellness,0.0,,MRP:￥135799% PROTEIN Sndrop 31% ofRDA PeanutButter With Honey Creamy
no overlap,Vim Drop Pouch20Rs,vim-drop-pouch20rs.png,Household,0.0,,EASY PACK POWER* 100 LEMONS OF
no overlap,Polo Peach-5,polo-peach-5.jpg,Chocolates & Candies,0.0,,10 POLOPAAN: THE PAAN WITH THEHOLE'
no overlap,Polo-2,polo-2.jpg,Chocolates & Candies,0.0,,POL now fresher 20 TR MINTWITHTHE HOLEO ORIGINAL 1Packet Huge discountfor chocolate lover 23picX15Grm （India)PeppermintChocolate
no overlap,Healtta Gin Oil 500Ml,healtta-gin-oil-500ml.jpg,Cooking Oils,0.0,,syukran IslamicCaliphate 7THCentury EaryMuslimexpansion 670 648 Conquest of NorthAtica. Campaigns against 647 Uqba bin Nafefounds the the Byzantines. Campaigrs in NorthAftica town of Kairouan in Tunisia. 660 Muawlyah 1decteres himsef as thecaiphat Camascus. 632 681-750 Abu Bakris chosenby of theprop
no overlap,Kel Muesli With 20% Nuts240G,kel-muesli-with-20-nuts240g.jpg,Health & Wellness,0.0,,DEIMERY
no overlap,Plain Noodles,plain-noodles.jpg,Pasta & Noodles,0.0,,650 Top TASTE Premium PlainNoodles PlainNoodles AUTHENTIGCHINESETASTE TasteMeinFUN QualityMeinDUM
no overlap,Arasan Soap 250G,arasan-soap-250g.png,Personal Care,0.0,,SUPER DETERGENT CAKE
no overlap,Clinic Plus Egg1X16,clinic-plus-egg1x16.png,Personal Care,0.0,,Egg Protein Shampoo PlUst 80
no overlap,1 To 3 Noodles 220G,1-to-3-noodles-220g.png,Pasta & Noodles,0.0,,13 Noclles Masala Special The same masaia canaisobe usedfor PASTA.MARCONI FOREXTRATASTE ADDVEGETABLES
no overlap,Act Ii Xtreme Butter,act-ii-xtreme-butter.jpg,Bakery & Snacks,0.0,,minutes Hot'n'Fresh Popcorn InstantPopcorn Flavour
no overlap,Arun Ic 15,arun-ic-15.png,Beverages,0.0,,Chocolate ICECREAMS MILK CREAM
no overlap,Dds Cashew Half 100G,dds-cashew-half-100g.jpg,Dry Fruits & Nuts,0.0,,ALESIS DolbyDrums
no overlap,Water Bottle,water-bottle.png,Kitchen Accessories,0.0,,MADE INDIA KITCHEN GALAXY SLEEKISTYLISHI STURDY MADEFROM 24HOURS HOT HIGHQUALITYSTEEL SS304 24HOURS COLD KITCHEN GALAXY SLEEK1STYLISS1STUROT
no overlap,Tea Cup,tea-cup.jpg,Kitchen Accessories,0.0,,BENTEX Lacory Glaseoures
no overlap,Act Ii 20Rs,act-ii-20rs.png,Bakery & Snacks,0.0,,Butter Garlic RTNTHEOEL
no overlap,Act Ii Pop Corn Butter Pepper,act-ii-pop-corn-butter-pepper.png,Bakery & Snacks,0.0,,minutes NONEUGE
no overlap,Brit Milk Bikis 20,brit-milk-bikis-20.jpg,Bakery & Snacks,0.0,,BRITANNLA Mik
no overlap,Sunfeast Cheese 50,sunfeast-cheese-50.jpg,Bakery & Snacks,0.0,,Deutsche Gnanlmophon 419175-2GH TSCHAIKOWSKY:BALLETTSUITEN DORNROSCHEN·SCHWANENSEE·NUSSKNACKER SleepingBeauty Swan Lake NutcrackerLa BelleauBoisDormant·Le Lacdes Cygnes Casse-Noisette BERLINERPHILHARMONIKER·HERBERTVONKARAIAN
no overlap,Dds Sunflower Seed 50G,dds-sunflower-seed-50g.jpg,Dry Fruits & Nuts,0.0,,Hand Picked Gowrmet Hand Picked Gowrmet 100%TRUSTED QUALITY 100%TRUSTED QUALITY SUNFLOWERSEEDS SUNFLOWERSEEDS 100% %000 Goodnutsforgodhealth Good nuts forgood health!
no overlap,Vim Bar-5Rs,vim-bar-5rs.png,Household,0.0,,WithPOWEROF LEMONS im
no overlap,Dabur Clove Tp 100G,dabur-clove-tp-100g.jpg,Personal Care,0.0,,HAJMOLA MLS. REGULAR UTE ML
no overlap,Act Ii Pop Magic Butter,act-ii-pop-magic-butter.png,Bakery & Snacks,0.0,,mnntes
no overlap,Chinnis Mango Tok90G,chinnis-mango-tok90g.jpg,Bakery & Snacks,0.0,,Chinni's PICKLE
no overlap,Goodday Choco-Chips-10,goodday-choco-chips-10.jpg,Bakery & Snacks,0.0,,CHOCOCHIP Good ne COOKIES Day
no overlap,Arun Ic 18,arun-ic-18.jpg,Beverages,0.0,,frun ICECREANS Butterscote ICECREAMS Butterscotch FlavoredlceCrean FavoredlceCream eCream ocolate buble ECREAMO
no overlap,Snickers 70,snickers-70.jpg,Chocolates & Candies,0.0,,M.P #99 (INCL.OFALLTAXES) SNIGKERS MIN'ATURES
no overlap,Klf Gin Oil 500Ml,klf-gin-oil-500ml.jpg,Cooking Oils,0.0,,KLE tilnad gingelly/til/sesameoil Sgacezcdron seectsesaarsceds
no overlap,Aahhaa Standardised Milk 500Ml,aahhaa-standardised-milk-500ml.jpg,Dairy & Fats,0.0,,aha %001 natural 500ml. Enjoytheflavorpurityofaha freshmilk
no overlap,True Elementprotein Bar50G,true-elementprotein-bar50g.png,Health & Wellness,0.0,,pptsen sithJagceny STRAWBERRY 10 Pratendan
no overlap,Everyday Milk Bread450G,everyday-milk-bread450g.jpg,Bakery & Snacks,0.0,,450g Evenday mik UREAD PREMIUM
no overlap,Par Coconut 10Rs,par-coconut-10rs.png,Bakery & Snacks,0.0,,UNFICcoconit
no overlap,Eve Aa 1.5 V,eve-aa-1-5-v.png,Electronics,0.0,,HWA TAI Since 1962
no overlap,Washing Brush,washing-brush.png,Household,0.0,,EXCLUSNEQUALITIES UNBREAKABLEHANDLE SMOOTHFINISH STURDY GRIP MEGA WAS Clothe Gripper Oval Mega Item Mega TM MEGA Item WASHINGBRUSH Maximum Cleaning in Minimum Efforts
no overlap,Wooden Dosa Sp,wooden-dosa-sp.jpg,Kitchen Accessories,0.0,,DecentWoodenCrafts Call:9520635884 OrderNow:9520635884 Call:9520635884 Call:9520635884
no overlap,Close Up 20Rs,close-up-20rs.jpg,Personal Care,0.0,,closetp RodHot FVERFRESH+ TRIPLEFRESHFORMULA UPTO12HOURSFRESHBREATH*
no overlap,Act Ii Pop Corn Golden Sizzle,act-ii-pop-corn-golden-sizzle.jpg,Bakery & Snacks,0.0,,minutes Hot'n'Fresh Popcorn NO.1IN THE WORLD
no overlap,Gold Winner S.F 5 L Can,gold-winner-s-f-5-l-can.png,Cooking Oils,0.0,,Mainer Kaleesuwari Gotd Qwinner Refined Sunfoweroil Zero Cholesterol 80
no overlap,V.V.D 200Jar,v-v-d-200jar.jpg,Cooking Oils,0.0,,VRK natnrals The Health Benefits of ColdPressedoils ms swa VRK SESAME A Natural Choice for Your Kitchen INONDO8S WXODENCILDPRESNED 110 TLITRE
no overlap,Rite Bite Merry Berry,rite-bite-merry-berry.jpg,Health & Wellness,0.0,,LOWFATBAR Trans-f RiteBite NUTRITION BAR
no overlap,Black Belt Phen 450Ml,black-belt-phen-450ml.jpg,Household,0.0,,BlackBelt Germ FreeHome
no overlap,Comfort Green 200Ml,comfort-green-200ml.jpg,Household,0.0,,omfort with Fragrance Pearls AfterWash Anti-BacterialAction
no overlap,Par Nice 10Rs,par-nice-10rs.png,Bakery & Snacks,0.0,,pngtree pngTree pngTree pngtree ngree pngTree pngTree pngtree pngTree pngtree pnTree pngTree pngTree pngtree pngTree pnTree pngTree pngtree pngTree pngtree pngtree pngTree pngree pngtree
no overlap,Sky Snacks,sky-snacks.jpg,Bakery & Snacks,0.0,,sk SNACRS KARA MUROKKU Tasty&Quality
no overlap,Horlicks Lite450R,horlicks-lite450r.jpg,Health & Wellness,0.0,,NO NUTRENS ADDED KOONND SUGAR PROTECT FRON OXDATE STRESS DAMAGE Nourishment for Active Adults ANTIOIGDAN AUTRENTS HIGH PROTEIN ZERO CHOLESTEROL REGULARMALT FLAVOUR 450g
no overlap,Amrutanjan Yellow,amrutanjan-yellow.jpg,Health & Wellness,0.0,,"New Amwtanian ""STARTS WORKINGIN ""PAINRELIEF UPTO PAINBALM MIN HRS EXTRAPOWER"" AROMATIC ACTION"
no overlap,Giffy 125Ml,giffy-125ml.jpg,Household,0.0,,Gifty TOUGHGREASEREMOVAL WITH TURBO 50% MOREEFFECTIVE wipro LEMON
no overlap,Origami Kitchen Towel,origami-kitchen-towel.png,Household,0.0,,ORIGAM
no overlap,Sipper,sipper.jpg,Kitchen Accessories,0.0,,Who needs a picture of my cat napping with a sweet potato in a salad bowl this morning? boredpanda.com
no overlap,Act Ii Pop Classic Salt 20,act-ii-pop-classic-salt-20.jpg,Bakery & Snacks,0.0,,minutes Hotn'Fra Popcorn NO.1INTHE WORY
no overlap,Ambika Appalam No.6,ambika-appalam-no-6.png,Bakery & Snacks,0.0,,LAM APP SINCE 1948
no overlap,Boomer 10Rs,boomer-10rs.jpg,Chocolates & Candies,0.0,,BODMER BODMER
no overlap,555 Scrub Pad 15,555-scrub-pad-15.jpg,Household,0.0,,555 TM 555 TM SCRUBPAD SCRUBPAD EXTRATHICKPAD EASYCLEANING SMOOTHON HANDS FTRATHICKPAD EASY CLEANING OTHONHANDS REGULAR REGULAR 555 555 SCRUBPAD TM EXTRATHICKPAD SCRUBPAD EASY CLEANING SMOOTHONHANDS EXTRATHICKPAD EASY CLEANING REGULAR SMOOTHON HANDS
no overlap,Hit Line,hit-line.jpg,Household,0.0,,I've never seen a more expressive kitty
no overlap,Ban Rose Water60Ml,ban-rose-water60ml.jpg,Personal Care,0.0,,Banjara's Soft&Young PREMIUMROSEWATER ErrchedwithRose O1
no overlap,Amman Murukku,amman-murukku.png,Bakery & Snacks,0.0,,KITCHEN BUTTERMURUKKU NET
no overlap,Arun Ic 100,arun-ic-100.jpg,Beverages,0.0,,Double ICECREAMS Chocolate iCone
no overlap,Sting Energy250Ml,sting-energy250ml.jpg,Beverages,0.0,,GINSENG Enengy 7.5%
no overlap,Kit Kat-10,kit-kat-10.jpg,Chocolates & Candies,0.0,,THE BEST S YET TO COHE Brthday hhday APpy HAPP CAKE RAINY DAT CELEBRAEE EATCAKE
no overlap,Citrus Plus Steel Scrubber,citrus-plus-steel-scrubber.jpg,Household,0.0,,SCRUBS Cleaner Home -Everyday
no overlap,Mysore San Kleeno 1L,mysore-san-kleeno-1l.jpg,Household,0.0,,MysawSandal Kleenol withfreshlimeperfume
no overlap,Gar Bright Com Fair Cr45G,gar-bright-com-fair-cr45g.jpg,Personal Care,0.0,,Thumbnail Apollo 247
no overlap,Orbit Chewing Gum,orbit-chewing-gum.jpg,Chocolates & Candies,0.0,,CLEAN&HEALTHY TEETH MFD.191022 SUGAR FREE 242CABAN16 *CONTAINS NO FRUIT rbit MIXED FRUIT FLAVOUR CHEWINGGUM Eat Drink 75.00perpackof4.4g Chew
no overlap,Dds Pumpkin Seed50G,dds-pumpkin-seed50g.png,Dry Fruits & Nuts,0.0,,PUMPRINSEEDS SMDRYFRUITS.COM
no overlap,Dds Watermelon Seed 50G,dds-watermelon-seed-50g.jpg,Dry Fruits & Nuts,0.0,,Des WATERMELONSEEDS PREMILMOUALIEY PURE&NATURAL WAIDENTS HAERDBYI
no overlap,Eve Aaa Cell,eve-aaa-cell.jpg,Electronics,0.0,,"EVEENERGY CO,LTD MADEINCHINA LithiumBattery"
no overlap,Eve Ultima Aa,eve-ultima-aa.jpg,Electronics,0.0,,India's AA NEW No.1 ANTI-LEAK TURBOLOCK BATTERY India's NEW No.1 ANTI-LEAK TURBOLOCK BATTERY EVEREADY AL MOs ULTIMAPRO WITHA ALKALINE 800% MOST POWERFUL LONGER LASTING WITHALKALINETECHNOLOGY 80 EVEREADY EVEREADY ULTIMAPRO ULTIMAPRO ALKALINE ALKALINE 8CO%LONGERLASTING 8CO%LONGERLASTING' 80 EVEREADY E
no overlap,Tasty Snacks,tasty-snacks.jpg,Bakery & Snacks,0.0,,L0323 SNACK POPCORN
no overlap,Dairy Milk 20Rs,dairy-milk-20rs.jpg,Chocolates & Candies,0.0,,"檔案熟管 8=换视 NSort 个，首 个首页 V快连弃职 Downloads 本楼 本梯 ±下载? 在新視窗中開歇 音樂 遥到快速存取1 遥到開始垂面 OneDrive 壁缩,成 ZIP 案 遥一些之衡 This PC 復製為路径 Ctrl+Shift+C Ar Ere 8/11/20225:42 PM Docent 在端摄中散 8/11/20225:40PM 8/11/2022 5:20 PM 示更多遥项 Shift+F10 我的统计瓷料 8/11/2022 4:16 PM 8/11/2022上午10-29"
no overlap,Poppins Mrp 5,poppins-mrp-5.jpg,Chocolates & Candies,0.0,,"mint Mint MANGO MANOCHA MPOP fssai LICNo.1081602100 INGREDIENTS: ugqudGuec Flavours(StrawbrryOrangeola,PanMango.Guaa) Aticaoou211 BESTBEFORE9MONTHSFROMTHEDATEOFMFG. FORMOREDETAILSSEEOUTERPACK. MId By.:DURGACONFECTIONERYWORKS, 32ntriastaehasemnagar001H CustomerCareno:01732-250317.99962-24182"
no overlap,Lion Seedless 100 G,lion-seedless-100-g.jpg,Dry Fruits & Nuts,0.0,,All thewayfrom Iraq QYNO DESEEDED DATES Mnbes ordoycunpete
no overlap,Causting Soda500G,causting-soda500g.jpg,Household,0.0,,MAHAAUTOMATION INDIANCAUSTICSODASUPPLIER www.mahaautomation.com
no overlap,Safewash 1Kg,safewash-1kg.png,Household,0.0,,WOOLENSAND DELICATES Safe wash Safe CREHIVH LIOVID BETERGENT wash
no overlap,Dds Fried Gram 500 G,dds-fried-gram-500-g.jpg,Pulses & Grains,0.0,,BHAGYALAKSHM SOYEARS TESTED-TASTED-TRUSTED BHAGYALAKSHMI Premium FriedGram 00
no overlap,Dds Chilli Small 250G,dds-chilli-small-250g.jpg,Spices & Masalas,0.0,,@.5.qoms:25/4544 DMPRODUCTS 480/- 2.80aP004/0P/P0 e50g 0766362007/0771533941 KM-00I
no overlap,Dds Sweet 250 G,dds-sweet-250-g.jpg,Sweeteners,0.0,,NO CALORIE SWEETENER ASPARTAMEFREE NETWT.250
no overlap,Parrys Amrit Cane Sugar 500G,parrys-amrit-cane-sugar-500g.jpg,Sweeteners,0.0,,FORMATPENILAIANJURI LOMBASENAMKREASICTPSKECAMATANPERMATA NOMORUNDIAN BIDANGPENILAIAN JUMLAH KESESUAIAN KREATIFITAS EKSPRESI KEKOMPAKAN KESESUAIAN NILAI GERAKAN TIM GERAKAN DENGANTEMA WAJAH KOSTUM DENGANMUSIK KETENTUANNILALMAKSIMALDANMINIMAL NO BIDANG PENILAIAN NILAI MAKSIMAL MINIMAL KREATIFITASGERAK
no overlap,Rajam Sukku Coffee 50 G,rajam-sukku-coffee-50-g.jpg,Tea & Coffee,0.0,,ajam 山乐乐乐乐T RAJAMSUKKUKAAPIMIX ATraditional Drinkof Tamilnadu
no overlap,Tape 3M,tape-3m.jpg,Toys & Stationery,0.0,,PACK TEK 3M VHB 3M Double Scotch  Heavy Duty Scotch ·Flexible Adhes Scotch Waterproof Brand 3M/VHB EasytoUse UCTS Alcohol Pad 75% Ethyl Alcohol For Disinfection Use
no overlap,Mushroom 200 Gm,mushroom-200-gm.jpg,Vegetables & Fruits,0.0,,ECO VALLEY ECO VALLEY TANMFRESH FCO VALLEY ECO VALLEY ECO VALLEY FARMFRESH WHTE BUTTONMUSHROON
no overlap,Dds Gram Dhall 1 Kg,dds-gram-dhall-1-kg.jpg,Pulses & Grains,0.0,,GRANDHALLTIG
no overlap,Dds Green Peas 500 G,dds-green-peas-500-g.jpg,Pulses & Grains,0.0,,Eastem GREENPEAS 500GM PE CountryforiginUnedArabEmirates BNOGP1071
no overlap,Dds Ragi Flour 500 G,dds-ragi-flour-500-g.jpg,Rice & Cereals,0.0,,RAGIFLOUR SREE DURGA INDUSTRIES SINCEI RACIFLOUR wnweght-500 500G
no overlap,Dds Yellow Corn 250 G,dds-yellow-corn-250-g.png,Rice & Cereals,0.0,,DANDP ellow Conmeal urine de Mais laune
no overlap,Teju Biriyani Mas 10Rs,teju-biriyani-mas-10rs.png,Spices & Masalas,0.0,,Chisken  Mubhom Birivani Masala Powder
no overlap,Cotton Thiri Big Box,cotton-thiri-big-box.jpg,Pooja & Religious,0.0,,SRI MEENAKSHI
no overlap,Dds Green Peas 250 G,dds-green-peas-250-g.jpg,Pulses & Grains,0.0,,GrenGrem
no overlap,Dds Aval 500G,dds-aval-500g.jpg,Rice & Cereals,0.0,,RiceFlakes AvalThick TTETLySFLOCONSDERIZ/REISFLOCKEN 500g(
no overlap,Dds Karuppu Kavani Rice500G,dds-karuppu-kavani-rice500g.png,Rice & Cereals,0.0,,Dhaanyas BLACK KAVUNIRICE Traditanei Sersefits Farne
no overlap,Sak Coriender Pow 100G,sak-coriender-pow-100g.webp,Spices & Masalas,0.0,,CORIANDERPOWDER GRADESTANDARD SK SIGNOF QUALITY AGMARK CORIANDERPOWDER GRADE:STANDARD
no overlap,Dds Ball Jaggar 1Kg,dds-ball-jaggar-1kg.png,Sweeteners,0.0,,Double Tongues Twice thetaste Twice the satisfaction SUGARCANE JAGGERY BALLS 22000 NON GMO Lime Green Ventures Eet Woight Pin Code:024802 trsiryBale Enall:inlocdonbletongues.con Wesite ww.deattoases.com Fackese IRA Fretecte AmepherB. Jssal:12424997000140 woProductot indla
no overlap,Pg Burfy,pg-burfy.jpg,Sweeteners,0.0,,Sugar Free Natura Sweetenerforfitness conscious* Cook&Bake Diet Sugar TsbleTooSweetener Sening SuggestionOy
no overlap,Kan Kasturi 150 G,kan-kasturi-150-g.jpg,Personal Care,0.0,,PANA ORGANIC Coconut Rough PLANTBASED.GLUTENFREE DELICIOUS MYLK
no overlap,Mysore Sandal 150 G,mysore-sandal-150-g.jpg,Personal Care,0.0,,SINCE 1916 Musore da andal doos
no overlap,Dds Orid Dhall 500 G,dds-orid-dhall-500-g.jpg,Pulses & Grains,0.0,,IEEVAREKHA PREMIUM QUALITY Trer
no overlap,Every Day Pickle,every-day-pickle.jpg,Salt & Condiments,0.0,,Magg) Sauee quante EtDou SOVATO CHILISAUCE RUGECHILIAUXTOMATES Tikka Masala CURRYPASTE PAZ TAMARIND
no overlap,Money Bank,money-bank.jpg,Toys & Stationery,0.0,,500 100 500 200 500 500 500 200 500 200 100 500 200 100 500 200 100 100 500 500 200 500 500 500 200 500 200 100 500 200 100 500 500 200 500 100 500 200 500 500 500 500 200 500 200 100 500 100 200 100 500 500 200 200 500 100 500 500 500 200 NE 500 200 100 500 200 100 500 500 100 200 500 100 200 500 5
no overlap,Dds Rice Flour 500 G,dds-rice-flour-500-g.jpg,Rice & Cereals,0.0,,RICEFLOUR SREE DURGA INDUSTRIES SINCE1987 RICEFLOUR NetWaiphdo 500 500G
no overlap,Dds Thinai 500G,dds-thinai-500g.png,Rice & Cereals,0.0,,100% leg FOXTAIL MILLET RICE Adds Strength to Immune System 100% Natura Traditio 600161D CgGunb ! 6160160 5
no overlap,Dds Pepper 50 G,dds-pepper-50-g.jpg,Spices & Masalas,0.0,,DNV TheBest for Health SPICES Black Peppew 50 g
no overlap,Dds Nattu Sugar500G,dds-nattu-sugar500g.jpg,Sweeteners,0.0,,"nay@m JXGGERYPOWDER Head Office: fssai No.76,C1Cauvery Apartment, UCNo-24205070021 Ganesh Avenue Extension. Porur,Chennai.600 116. Cell:8838924826 Packed&Marketed by NayamAgriKart,No:3/1/1 NorthMoolangudKulumano Trichy639103. Net Wgt 500gm Batch No Packed on Jan2021 MRP 7 60/-"
no overlap,Nykaa Cotton Pads,nykaa-cotton-pads.jpg,Personal Care,0.0,,NIKAA Skin Soft PyemioCottonPed
no overlap,Shaving Brush,shaving-brush.jpg,Personal Care,0.0,,UrbanMooch PREMIUM SHAVINGCREAM FORALLSKINTYPES Nourishes skinand hydrates hairfor irritation-free shaves. Net Wt. 100gm
no overlap,Tprg Kunkum,tprg-kunkum.jpg,Pooja & Religious,0.0,,GOPURAM* NETT WEIGHT
no overlap,Kr Jowar Floor 500G,kr-jowar-floor-500g.png,Rice & Cereals,0.0,,"ORGANICSOUL NuRTuRing EAth,NouRishinG you JOWARFLOUR Pure|NoChemical|NoPreservatives Organicgoodness"
no overlap,Keya 10Rs,keya-10rs.png,Spices & Masalas,0.0,,KEVA PIZZA MASALA SAHETS TNS
no overlap,Tres Sh S&S 80Ml,tres-sh-s-s-80ml.jpg,Personal Care,0.0,,TRESemme USED BY PROFESSIONALS Keratin SMOOTH weightless non alourdissant +HEATPROTECTION +PROTECTIONANTI-CHALEUR WITHSYSTEMIAVEC SYSTEME PREP SHAMPOOISHAMPOOING 0% PARABENSIMINERALOIL PARABENESIHUILEMINERALE DMDMHYDANTOINE 28USFLOZ1828mL
no overlap,Dds Meal Maker New 200G,dds-meal-maker-new-200g.jpg,Pulses & Grains,0.0,,"Healbhy.NutitiouswholesomeFood HlthNutriushemoo HandcroftedbyFamers HandcraoftedbyFarmers HethutritiouswhmFo Heolthy.NutitiousWholesomeFood Handcraofted byFarmers HandcratedbyFomers IKAI IKAN"" haHaturi NIHKAN IKAN IKAN NIHKAN'S DEHYDR Eala Nutealy Ee Nataral- HYDRATED NIHKAN'S SPROI NIHKAN'S PROUTS "
no overlap,D. H Roasted Rava 500G,d-h-roasted-rava-500g.jpg,Rice & Cereals,0.0,,RoastedRava Semolina 00g（1.1lb RoastedRavo
no overlap,H&S Basic Clean-2 X 4,h-s-basic-clean-2-x-4.jpg,Personal Care,0.0,,XL h&s CHAMPO&ACONDICIONADORANTICASPA 2enl CLASSIC CLINICAMENTEPROBADO/TESTADC
no overlap,Dds Kambu 500 G,dds-kambu-500-g.jpg,Rice & Cereals,0.0,,SAA-42 N.WEIGHT:500g BatchNo: BeulBefors4Montha 08/2021Pacdem: MRP 526 SAARALFOOOPRODUCTS
no overlap,Sambandhi Black Ellu-100G,sambandhi-black-ellu-100g.jpg,Spices & Masalas,0.0,,IDHAYAM AMBANDH Sesame 00g
no overlap,Pentonic Pen 10,pentonic-pen-10.jpg,Toys & Stationery,0.0,,LING Write the future
no overlap,Him Cl Com Br Fc100G,him-cl-com-br-fc100g.jpg,Personal Care,0.0,,Him Herbal Goodness of Nature Ana Power of Science HNAE ALMOND EAF ALMOND ALMOND
no overlap,Dds Gram Dhall 500 G,dds-gram-dhall-500-g.jpg,Pulses & Grains,0.0,,SPICE EMPORIUM GRAMDHALL500g INGREDIENTS 600970404138
no overlap,Sak Coriender Pow 50 G,sak-coriender-pow-50-g.png,Spices & Masalas,0.0,,AKTHI coriande D6060 CORIANDER PWRE
no overlap,Ajs Burfi-50Rs,ajs-burfi-50rs.png,Sweeteners,0.0,,FREE MEASURING Sharnay CUP Ready to Cook Instant mix Justwam and serve Healthy& Hearty Yummy& Nutritious 100 g 0.22 Ibs
no overlap,Uzhavu Jaggery Pow 500G,uzhavu-jaggery-pow-500g.jpg,Sweeteners,0.0,,HERBAL UZHAYU JAGGERYPOWDER Organics Issa SORNAMENTERPRISES Rs-50.00
no overlap,Note,note.jpg,Toys & Stationery,0.0,,PRODUCT CODE M05-FOAM HSN:48209090(G.S.T.18%) PRODUCT OPEN SIZE CLOSESIZE HEIGHT OUTER (LxW) (MX) CODE 皖N13 M05-FOAM 195mmX220mm 195mm.X95mm 25mm 60Pcs PACKINGTYPEWhite Box.
no overlap,Dds Gundu Fried Gram 500G,dds-gundu-fried-gram-500g.jpg,Pulses & Grains,0.0,,FRIEDGRAM BHAGYALAKSHMI
no overlap,Sak Coriender Pow 200G,sak-coriender-pow-200g.png,Spices & Masalas,0.0,,ORANNDE POWDER
no overlap,Dds Sugar 1 Kg,dds-sugar-1-kg.jpg,Sweeteners,0.0,,HEALI DHAMbWre SULPHURLESSSUGAR DOUBLE9EFINED PUREWHITECRYSTALS UltraPure AProduct ofdhampur SugarMills Lr
no overlap,Vvr Gn Burfi,vvr-gn-burfi.png,Sweeteners,0.0,,nandini
no overlap,Double Side Tape,double-side-tape.webp,Toys & Stationery,0.0,,sonderetape tope
no overlap,Me Gifts,me-gifts.jpg,Toys & Stationery,0.0,,STATIGNLRY ABONVAS DDYHE IYANDIVHE STAND IY ME STAND DY ME YANDBYME LOVE
no overlap,Youva Note,youva-note.jpg,Toys & Stationery,0.0,,you AvaiabieOnine
no overlap,Dds Horse Gram 500G,dds-horse-gram-500g.jpg,Pulses & Grains,0.0,,HORSEGRAM PROCESSED&PACKEDBY SREEDURGA INDUSTRIES SINCE1987 Net Weight:500g 500G
no overlap,Ink Eraser,ink-eraser.jpg,Toys & Stationery,0.0,,JAINEX Technology InkEraserPen JRTNEX SeonuxMistakesateCosiectntle..! R25/ InkErasenPen JATNE InkeraserPer 25/ inkEraserPn 25/ ?25/-
no overlap,Mamaearth Face Wash 125Rs,mamaearth-face-wash-125rs.jpg,Personal Care,0.0,,500 km 英国 9F2 207+7 7913207 求儿卜儿 EU加盟国 加盟候補国
no overlap,Dds Fried Gram 250 Gm,dds-fried-gram-250-gm.jpg,Pulses & Grains,0.0,,V.V 100%Veg FRIEDGRAM 100% Premium Qualty 100%Sortexed Nutritious
no overlap,Dds Samai Rice500G,dds-samai-rice500g.jpg,Rice & Cereals,0.0,,5sel 12417003000828 SAA-42 Batch No: N.WEIGHT:500g Packedon: BestBefore4Months 08/2021 MRP 761- FromtheDateofPacking Pncked&Marketed By SAARAL FOOO PRODUCTS Thennampaliyam.Coimbatorc 641401
no overlap,Kr Kaatuyanam Rice 500G,kr-kaatuyanam-rice-500g.jpg,Rice & Cereals,0.0,,KattuyanamRice This Image In Shown llustration Purpose Only eat 100% 500g
no overlap,Teju Chick Kabab500G,teju-chick-kabab500g.jpg,Spices & Masalas,0.0,,TU CHICKEN ABAB POWDER gmruroruscrusewcue
no overlap,3 Roses 100 G (S),3-roses-100-g-s.jpg,Tea & Coffee,0.0,,Care Natiul With5Natural ingredients
no overlap,Whisper Ul Xl 6Pads,whisper-ul-xl-6pads.png,Personal Care,0.0,,50 MgLONGER uhisper x choice Jultra FreshFlou XL stain PADS WINGS protection
no overlap,Dds Kabul Big 500 G,dds-kabul-big-500-g.jpg,Pulses & Grains,0.0,,"VSNaturalAgro,Nashik Nashik-9423342974"
no overlap,Dds Idli Soda 100 G,dds-idli-soda-100-g.jpg,Rice & Cereals,0.0,,Instant Mix Gits SINCE1963 BreakfastMix NOADDED MAKES PRESERVATIVES 18 RICEIDLI ARTIFICIAL FLANOURS& RICE COLOURS IDLIS RICEIDL 200 NETWT 200g gram
no overlap,Rajam Sukku Coffee 500 G,rajam-sukku-coffee-500-g.jpg,Tea & Coffee,0.0,,New Since1989 ajam RAJAMSUKKUKAAPIMIX Raiato 100% ADDWITHHOTWATER ATraditonalDyinkofTomanad
no overlap,Oral-B Fresh Clean,oral-b-fresh-clean.png,Personal Care,0.0,,10.+ 2FREE1MRP20.00
no overlap,Ajs Burfi-60Rs,ajs-burfi-60rs.jpg,Sweeteners,0.0,,GO DESi DryFruit Barfi 93% Dryfruits purponeoeh
no overlap,Ponds Bright Beauty 35G,ponds-bright-beauty-35g.jpg,Personal Care,0.0,,POND'S IN SKIN STITUT BRIGHTBEAUTYTM WITH NIACINAMIDE [VITAMINB3] ANTI-DULLNESS FACEWASH BRICHTNESS
no overlap,Whisper Ul So 2X S Xl+6p,whisper-ul-so-2x-s-xl-6p.jpg,Personal Care,0.0,,ShowerFresh# Breathable for atra fies Breathable arefree.
no overlap,Dabur Honey 225g,dabur-honey-225g.jpg,Sweeteners,0.0,,Packedin SUGGESTED USAGE With Asa WithWarm Milk 1223094522KOP Water topping TRIPLE PURITY GUARANTEE ·IRMS Tested forno sugar adulterotion -ICMS/MS lesed fer SMR (nonitesynup ockulierfion) -ICMS/MStested farantibiolic residues SanQRcoxe to MPurtyCertificaatefor IndiaGate RicePack DatuHoneybokhe MRPof
no overlap,Vaseline Cocoa Glow 100ml,vaseline-cocoa-glow-100ml.jpg,Personal Care,0.0,,"Net Vol,When Packed 100ml 81901030912344"
no overlap,Milky Mist Condensed Milk,milky-mist-condensed-milk.jpg,Dairy & Fats,0.0,,MRP 15%M Mkist CurD AGreen Ene Compan 400 METOUANTITY:
no overlap,Ruchi Gold Palm Oil 425g,ruchi-gold-palm-oil-425g.jpg,Cooking Oils,0.0,,REFINED PALMOLEINOIL JNDIA'S LEADING BRAND OF PACKED PALMOLEI CEGMEI
no overlap,Dabur Honey 100 G,dabur-honey-100-g.jpg,Sweeteners,0.0,,Packedin SUGGESTED USAGE With Asa WithWarm Milk 1223094522KOP Water topping TRIPLE PURITY GUARANTEE ·IRMS Tested forno sugar adulterotion -ICMS/MS lesed fer SMR (nonitesynup ockulierfion) -ICMS/MStested farantibiolic residues SanQRcoxe to MPurtyCertificaatefor IndiaGate RicePack DatuHoneybokhe MRPof
no overlap,Gil Labs 2S,gil-labs-2s.jpg,Personal Care,0.0,,GilletteLabst Gilleffe Gillefte lette
no overlap,Paper Plate No 10,paper-plate-no-10.jpg,Kitchen Accessories,0.0,,Hefty EVERYDAY AKPROOF PLATES B.B7IN.PLATES PLFOS22.5cm
no overlap,Pillsbury Atta 1Kg,pillsbury-atta-1kg.jpg,Rice & Cereals,0.0,,Made From Sharbati Wheat oldAtt SHARTPOINT 229.00 229.00 609
no overlap,7Up 2 Lt,7up-2-lt.jpg,Beverages,0.0,,"Lipides0g 0% m/Sodium60mg 3% gars/Sucres42g in/ Proteines0g asgicantsourceofsaturatedfat, JUTILISEESSOUSLICENCE inccalciumoriron oangigabledelipidessatures staschlesterol,fibres,vitamineA neCcaliumetfer RETOURNERPOUR REMBOURSEN PEPSICOCANADA ULC,MISSSAUGA,ON L4W5J7. NOTFOR INDIVIDUAL SALE CONSUMERIN"
no overlap,Pillsbury Atta 2Kg (S),pillsbury-atta-2kg-s.jpg,Rice & Cereals,0.0,,Made From Sharbati Wheat oldAtt SHARTPOINT 229.00 229.00 609
no overlap,Mirinda 2 Lt,mirinda-2-lt.jpg,Beverages,0.0,,2.5SAR MRINA ORANGE
no overlap,Dabur Honey 500 G (S),dabur-honey-500-g-s.jpg,Sweeteners,0.0,,Packedin SUGGESTED USAGE With Asa WithWarm Milk 1223094522KOP Water topping TRIPLE PURITY GUARANTEE ·IRMS Tested forno sugar adulterotion -ICMS/MS lesed fer SMR (nonitesynup ockulierfion) -ICMS/MStested farantibiolic residues SanQRcoxe to MPurtyCertificaatefor IndiaGate RicePack DatuHoneybokhe MRPof
no overlap,Gems 5Rs,gems-5rs.jpg,Chocolates & Candies,0.0,,juicy NETWS RC POIDSMET
no overlap,Avt Tea 500g,avt-tea-500g.jpg,Tea & Coffee,0.0,,SOATS REFT D:5.99 PREMIUM LEAF EA AFRR Freshly 067467220 400g LACKTEA
no overlap,Whisper Ul Cl Xl 30,whisper-ul-cl-xl-30.jpg,Personal Care,0.0,,ShowerFresh# Breathable for atra fies Breathable arefree.
no overlap,Ponds Soft Gl Skin Lotion90ml,ponds-soft-gl-skin-lotion90ml.jpg,Personal Care,0.0,,LIGHT POND'S MOISTURISER 2024/7/31 19:40
no overlap,Ponds D.f.t 400g,ponds-d-f-t-400g.jpg,Personal Care,0.0,,POND'S POND'SINSTITUTEJAPAN FLAWLESS RADIANCE Even-tone Glow Night Cream FADEDARKMARKS FOREVEN-TONED SKIN VITAMINO3ACTIN POND'S PONDSINSTITUTEJAPAN FLAWLESS RADIANCE Even-tone Glow Night Cream
no overlap,Avt Tea 100 G,avt-tea-100-g.jpg,Tea & Coffee,0.0,,SOATS REFT D:5.99 PREMIUM LEAF EA AFRR Freshly 067467220 400g LACKTEA
no overlap,Maaza 10rs,maaza-10rs.jpg,Beverages,0.0,,10/ MRPINCL.OF ALLTAXES REFRESH THIS PACK CONTAINS 66 READY-TO-SERVE kcal FRUIT DRINK 3.3%
no overlap,Avt Tea 250g R,avt-tea-250g-r.jpg,Tea & Coffee,0.0,,SOATS REFT D:5.99 PREMIUM LEAF EA AFRR Freshly 067467220 400g LACKTEA
no overlap,Oreo Strawberry 120g,oreo-strawberry-120g.jpg,Bakery & Snacks,0.0,,32B2 66 awberry SATFAT ChocCookieSandwichwith SweetStrawberryCreme 1100 e133g
no overlap,Paper Plate No 7,paper-plate-no-7.jpg,Kitchen Accessories,0.0,,Hefty EVERYDAY AKPROOF PLATES B.B7IN.PLATES PLFOS22.5cm
no overlap,Act Ii Chilli Surprise,act-ii-chilli-surprise.jpg,Spices & Masalas,0.0,,minutes Hot'n'Fresh Popcorn NO.1IN THE WORLD Flavour
no overlap,Dabur Honey 1 Kg,dabur-honey-1-kg.jpg,Sweeteners,0.0,,Packedin SUGGESTED USAGE With Asa WithWarm Milk 1223094522KOP Water topping TRIPLE PURITY GUARANTEE ·IRMS Tested forno sugar adulterotion -ICMS/MS lesed fer SMR (nonitesynup ockulierfion) -ICMS/MStested farantibiolic residues SanQRcoxe to MPurtyCertificaatefor IndiaGate RicePack DatuHoneybokhe MRPof
no overlap,Ponds Starlight 40G,ponds-starlight-40g.jpg,Personal Care,0.0,,PONE'S FORNULATEDBYTHEPON STARLIG perfumed talcum powder ORCHID JASMINENOTES 50g
no overlap,Oreo Strawberry 10,oreo-strawberry-10.jpg,Bakery & Snacks,0.0,,32B2 66 awberry SATFAT ChocCookieSandwichwith SweetStrawberryCreme 1100 e133g
no overlap,Cadbury Hot Chocolate,cadbury-hot-chocolate.jpg,Chocolates & Candies,0.0,,Malaysia
no overlap,Nivea Men Active Cl250ml,nivea-men-active-cl250ml.jpg,Personal Care,0.0,,rotec 100% NATURAL Tiffany 05.50 PAPA JOE Classic 0% GLUTEN FREE TRANSFAT
no overlap,Heinz Tom Twist Chilli 435g,heinz-tom-twist-chilli-435g.jpg,Spices & Masalas,0.0,,JHEINZ ESTP1869 PRODUKI: 10/2025
no overlap,Dabur Honey 24rs,dabur-honey-24rs.jpg,Sweeteners,0.0,,Packedin SUGGESTED USAGE With Asa WithWarm Milk 1223094522KOP Water topping TRIPLE PURITY GUARANTEE ·IRMS Tested forno sugar adulterotion -ICMS/MS lesed fer SMR (nonitesynup ockulierfion) -ICMS/MStested farantibiolic residues SanQRcoxe to MPurtyCertificaatefor IndiaGate RicePack DatuHoneybokhe MRPof
no overlap,Tata Agni Tea 100 G,tata-agni-tea-100-g.jpg,Tea & Coffee,0.0,,ATATEA AGNLE JAGAYEHARROL OSH RONG LEAF 10 EXTRASTRONG LEAVES STRONG fEA GREAT DD
no overlap,Goli Soda 200ml,goli-soda-200ml.jpg,Beverages,0.0,,Cobun iNature Frut Lperior's preme Choice aliS ORANGE
no overlap,Haldirams 10rs,haldirams-10rs.jpg,Bakery & Snacks,0.0,,"INGREDIENTS:Tepa ble Oil(Cotton Seed (ApproximateValues) PuseFlourdib Condiments (Red Per100g Powder,Ginger Energy 580.8kcal Powder,utm 13.9g Protein ForFeedbao Batch No.a Total Carbohydrate 39.5g The Consu Sugars 3.9g HALDIR MhalFat 40.8g C-31,Se Saturated Fat Gautam 10.4g Trans Fat Orcallus 0.1g O"
no overlap,Kr Chat Masala 100g,kr-chat-masala-100g.jpg,Spices & Masalas,0.0,,Authientic Rani BRANDR Authentic Indian Products Chatasala （14SPICESEASONINGSALT) NetWt.16.7oz(1.04lbs)475g
no overlap,Bournvita Biscuit-10,bournvita-biscuit-10.jpg,Tea & Coffee,0.0,,Bour ita OHEALTH RISCU
no overlap,Id In Coffee Liq 150ml,id-in-coffee-liq-150ml.jpg,Tea & Coffee,0.0,,AIC 4.5% vol.
no overlap,Pril 120ml,pril-120ml.jpg,Household,0.0,,OFFER 859 Secrets ofthe Cook COLD POWER Uga 11-00 APPLE 52830 ermany Nr.1in Germany Henke Henkel
no overlap,Tata Agni Tea 250 G,tata-agni-tea-250-g.jpg,Tea & Coffee,0.0,,ATATEA AGNLE JAGAYEHARROL OSH RONG LEAF 10 EXTRASTRONG LEAVES STRONG fEA GREAT DD
no overlap,Ponds Starlight 80G,ponds-starlight-80g.jpg,Personal Care,0.0,,PONE'S FORNULATEDBYTHEPON STARLIG perfumed talcum powder ORCHID JASMINENOTES 50g
no overlap,Moov 20G,moov-20g.jpg,Health & Wellness,0.0,,ncees Alasko esfon NETWEIGHT 2kg POIDSNET .DEY PITTED· GRADE/CATEGORIE EADYTOEAT
no overlap,Whisper Ul Xl 15,whisper-ul-xl-15.jpg,Personal Care,0.0,,ShowerFresh# Breathable for atra fies Breathable arefree.
no overlap,Mat-20,mat-20.jpg,Household,0.0,,Bridelice Ma Creme Jegere fouettee 20 enun
no overlap,Paper Plate No 12,paper-plate-no-12.jpg,Kitchen Accessories,0.0,,Hefty EVERYDAY AKPROOF PLATES B.B7IN.PLATES PLFOS22.5cm
no overlap,Dabur Honey 50G,dabur-honey-50g.jpg,Sweeteners,0.0,,Packedin SUGGESTED USAGE With Asa WithWarm Milk 1223094522KOP Water topping TRIPLE PURITY GUARANTEE ·IRMS Tested forno sugar adulterotion -ICMS/MS lesed fer SMR (nonitesynup ockulierfion) -ICMS/MStested farantibiolic residues SanQRcoxe to MPurtyCertificaatefor IndiaGate RicePack DatuHoneybokhe MRPof
no overlap,Paper Plate No 8,paper-plate-no-8.jpg,Kitchen Accessories,0.0,,Hefty EVERYDAY AKPROOF PLATES B.B7IN.PLATES PLFOS22.5cm
no overlap,Paper Cup,paper-cup.jpg,Kitchen Accessories,0.0,,papercups Bringthe cinemahome
no overlap,Paper Plate No 6,paper-plate-no-6.jpg,Kitchen Accessories,0.0,,Hefty EVERYDAY AKPROOF PLATES B.B7IN.PLATES PLFOS22.5cm
unreadable,Kr Chilly Murukku 500G,kr-chilly-murukku-500g.png,Bakery & Snacks,0.0,,
unreadable,Milky Mist Curd500Pkt,milky-mist-curd500pkt.jpg,Dairy & Fats,0.0,,精密下 梭電 T型 需断 玄能 石頭
unreadable,Brit 50 50 Potazos 10,brit-50-50-potazos-10.png,Bakery & Snacks,0.0,,
unreadable,Doritos 10Rs,doritos-10rs.webp,Bakery & Snacks,0.0,,
unreadable,Cap,cap.png,Personal Care,0.0,,
unreadable,Poppins-Mrp-2,poppins-mrp-2.jpg,Chocolates & Candies,0.0,,PARLE
unreadable,Kish Cheery Fruit 50,kish-cheery-fruit-50.jpg,Dry Fruits & Nuts,0.0,,
unreadable,Nrb Acid 50Rs,nrb-acid-50rs.jpg,Household,0.0,,NRB
unreadable,Vim Bar-10Rs,vim-bar-10rs.jpg,Household,0.0,,
unreadable,Vim Drop 20,vim-drop-20.jpg,Household,0.0,,LNONS
unreadable,Spotzern Zero Cloth Brush,spotzern-zero-cloth-brush.jpg,Household,0.0,,
unreadable,Glass Jar,glass-jar.jpg,Kitchen Accessories,0.0,,
unreadable,Steel & Alu Am Ba,steel-alu-am-ba.jpg,Kitchen Accessories,0.0,,
unreadable,Eva Deo 40Ml,eva-deo-40ml.jpg,Personal Care,0.0,,FRESH
unreadable,Frooti Mango 300Ml,frooti-mango-300ml.png,Beverages,0.0,,
unreadable,Everyday Sandwich Bread,everyday-sandwich-bread.png,Bakery & Snacks,0.0,,
unreadable,Unibic Fruit&Nut Cookies,unibic-fruit-nut-cookies.png,Bakery & Snacks,0.0,,
unreadable,Vim Drop Lemon 225 Ml,vim-drop-lemon-225-ml.jpg,Household,0.0,,Vim
unreadable,Sunfeast Marie Or-10,sunfeast-marie-or-10.webp,Bakery & Snacks,0.0,,
unreadable,Dds Cashew 50 G Full,dds-cashew-50-g-full.png,Dry Fruits & Nuts,0.0,,
unreadable,Seama Oil Dispenser,seama-oil-dispenser.jpg,Kitchen Accessories,0.0,,
unreadable,Ela Snacks,ela-snacks.png,Bakery & Snacks,0.0,,
unreadable,K W 30Rs,k-w-30rs.jpg,Bakery & Snacks,0.0,,DryCake Special KE TANIA Nanglo's oooles PUFF Pastry Cake GREOENTS NetWiy-25hgmt
unreadable,Lehar Soda 750Ml,lehar-soda-750ml.png,Beverages,0.0,,
unreadable,Egg 6 Pcs,egg-6-pcs.png,Dairy & Fats,0.0,,
unreadable,Para 250 Ml Jar,para-250-ml-jar.png,Health & Wellness,0.0,,
unreadable,Kalai Appala Poo 100G,kalai-appala-poo-100g.jpg,Bakery & Snacks,0.0,,
unreadable,7 Up 20Rs,7-up-20rs.jpg,Beverages,0.0,,tlmonjuice Nimbo
unreadable,555 Mop 199,555-mop-199.png,Household,0.0,,
unreadable,Cloth Bag,cloth-bag.jpg,Household,0.0,,
unreadable,Lion Dates Nut Bites,lion-dates-nut-bites.png,Dry Fruits & Nuts,0.0,,LION
unreadable,Container-40-45,container-40-45.jpg,Kitchen Accessories,0.0,,
unreadable,Brite Comb,brite-comb.jpg,Personal Care,0.0,,
unreadable,Premier 10Handkerchiefs,premier-10handkerchiefs.png,Personal Care,0.0,,
unreadable,Sri Ganesh Lamp Oil 1L,sri-ganesh-lamp-oil-1l.jpg,Pooja & Religious,0.0,,
unreadable,Uzhavu Palm Jaggery 250G,uzhavu-palm-jaggery-250g.jpg,Sweeteners,0.0,,
unreadable,Onion Big,onion-big.jpg,Vegetables & Fruits,0.0,,
unreadable,Dds White Corn 500 Gm,dds-white-corn-500-gm.jpg,Rice & Cereals,0.0,,
unreadable,Teju Jeera Pow 10Rs,teju-jeera-pow-10rs.png,Spices & Masalas,0.0,,
unreadable,Dds Boil Rice-80,dds-boil-rice-80.jpg,Rice & Cereals,0.0,,
unreadable,Coconut,coconut.jpg,Vegetables & Fruits,0.0,,
unreadable,Kissan Fr Tom Kitch500Gm,kissan-fr-tom-kitch500gm.jpg,Salt & Condiments,0.0,,
unreadable,Mtr Hing 50G,mtr-hing-50g.png,Spices & Masalas,0.0,,HING
unreadable,Dds Black Gram 500 G,dds-black-gram-500-g.jpg,Pulses & Grains,0.0,,
unreadable,Dds Green Gram 250 G,dds-green-gram-250-g.png,Pulses & Grains,0.0,,
unreadable,Dds Boil Rice 1Kg,dds-boil-rice-1kg.jpg,Rice & Cereals,0.0,,
unreadable,Uzhavu Organic Jaggery 500,uzhavu-organic-jaggery-500.jpg,Sweeteners,0.0,,
unreadable,Him Fw Apricot 50Ml,him-fw-apricot-50ml.jpg,Personal Care,0.0,,
unreadable,Socks,socks.jpg,Personal Care,0.0,,
unreadable,Akshiya Gopuram 26Kg,akshiya-gopuram-26kg.jpg,Pooja & Religious,0.0,,
unreadable,Camphor Katti Nrb,camphor-katti-nrb.jpg,Pooja & Religious,0.0,,
unreadable,Vasavi Moong,vasavi-moong.jpg,Pulses & Grains,0.0,,
unreadable,Ball,ball.jpg,Toys & Stationery,0.0,,
unreadable,So Soft Wipes,so-soft-wipes.webp,Personal Care,0.0,,20
unreadable,Vcare Goat Milk Soap100G,vcare-goat-milk-soap100g.png,Personal Care,0.0,,乾燥物 乾燥对象物 加熱→昇華乾燥 再凝秸 再凝秸→融解
unreadable,Dds Kambu Flakes 200G,dds-kambu-flakes-200g.webp,Rice & Cereals,0.0,,
unreadable,Dds Steam Rice 1 Kg,dds-steam-rice-1-kg.jpg,Rice & Cereals,0.0,,
unreadable,Dds Steam Kuruai 1Kg,dds-steam-kuruai-1kg.jpg,Rice & Cereals,0.0,,
unreadable,Dds Annachipoo 10 G,dds-annachipoo-10-g.jpg,Spices & Masalas,0.0,,
unreadable,Dds Gram Flour 500 G,dds-gram-flour-500-g.jpg,Pulses & Grains,0.0,,
unreadable,Dds Horse Gram 250G,dds-horse-gram-250g.jpg,Pulses & Grains,0.0,,
unreadable,Fevicol 25Gm,fevicol-25gm.jpg,Toys & Stationery,0.0,,MR
unreadable,D.H Sy Vinegar1L,d-h-sy-vinegar1l.png,Salt & Condiments,0.0,,
unreadable,Pen Light,pen-light.jpg,Toys & Stationery,0.0,,
unreadable,Scaff,scaff.jpg,Toys & Stationery,0.0,,
unreadable,Dds Black Gram 250 G,dds-black-gram-250-g.jpg,Pulses & Grains,0.0,,
unreadable,Red Label Nat Care250,red-label-nat-care250.jpg,Tea & Coffee,0.0,,Teo
unreadable,Puffed Rice,puffed-rice.jpg,Rice & Cereals,0.0,,e200g
unreadable,Milky Mist Greek Yogurt 250g,milky-mist-greek-yogurt-250g.jpg,Dairy & Fats,0.0,,
unreadable,Sunfeast Milk 35rs,sunfeast-milk-35rs.jpg,Dairy & Fats,0.0,,
unreadable,Sunfeast Milk 10rs,sunfeast-milk-10rs.jpg,Dairy & Fats,0.0,,
unreadable,Red Label Nat Care100g,red-label-nat-care100g.jpg,Tea & Coffee,0.0,,Teo
unreadable,Slice 125ml,slice-125ml.jpg,Beverages,0.0,,200ml @15/
unreadable,Mat-70-80,mat-70-80.jpg,Household,0.0,,
unreadable,Thums Up 250ml,thums-up-250ml.jpg,Beverages,0.0,,
unreadable,Slice 20rs,slice-20rs.jpg,Beverages,0.0,,200ml @15/
unreadable,Maggi Chicken Cubes(s),maggi-chicken-cubes-s.jpg,Pasta & Noodles,0.0,,Maggi
unreadable,Tiger Kreemz Orang 5Rs,tiger-kreemz-orang-5rs.jpg,Bakery & Snacks,0.0,,TGER
unreadable,Elite Rusk 10,elite-rusk-10.jpg,Bakery & Snacks,0.0,,Piz
ok,Sunfeast Moms Magic Cas&Almd-10,sunfeast-moms-magic-cas-almd-10.png,Bakery & Snacks,0.2,,MOM'S MAGIC
ok,Milky Mist Cheese Slice100G,milky-mist-cheese-slice100g.jpg,Dairy & Fats,0.25,,CHEESE SLICES Net Weight: 100g SLICES Suggested Serving only
ok,Mayuri Gar Bag Medium,mayuri-gar-bag-medium.jpg,Household,0.25,,MAYURI Nature's gift EFLAKESMEDIUN gualityflattened White Rice fordelicious receipes 100% MAT NetWeight 800G0 1.76lbs PREMIUM QUALITY EXPORT Sugar PACK Fat aturates 0.4g 1.2g 2% 1%
ok,Brit Vita Marie Gold30Rs,brit-vita-marie-gold30rs.png,Bakery & Snacks,0.25,,Mita mane GOLD
ok,All Out Ultra Refil 45Ml,all-out-ultra-refil-45ml.jpg,Household,0.25,,AllOut ULTRA Bedtime Protection* POWER+SLIDER AllOut 100%MOREPOWER ULTRA KILLSDENGUEMOSQUITOES COVERS THEENTIRE ROOM***
ok,Lion Desert King 200G Ref,lion-desert-king-200g-ref.jpg,Dry Fruits & Nuts,0.25,,LION DESEEDED DATES
ok,Odo Fresh Rose Cube 100G,odo-fresh-rose-cube-100g.jpg,Household,0.25,,Odo Fre can RoseCubes Cewsedlor AiFreshener
ok,Milky Mist Curd Pkt,milky-mist-curd-pkt.jpg,Dairy & Fats,0.25,,PACK OF CurD Sulj
ok,Dds Boiled Rice Cbr 1Kg,dds-boiled-rice-cbr-1kg.jpg,Rice & Cereals,0.25,,"Pre-cooking: cooking-5 cups ofwater for1cupof rice.Closed pan cooking-2 cups of water for 1 cup of rice. JeeraRICE cookdepending on how hard or softthe water is). Cooking Methods Open pan: Inalargecookingpot,bringwatr varietyKaima rice'or  Jken Rice is an to rolling boil. Add drained rice and stir g"
ok,Flair Inky Liq Fo Pen,flair-inky-liq-fo-pen.jpg,Toys & Stationery,0.25,,Flair INKP CLASSIC EASY REEIUDING SYSTEM LONGER Flain INKE Avaliablo Onlino  Hatmo! IDTATOJ Rediscover.. Real Writing Pleasure
ok,Gar Bright Com Ser Fw 50G,gar-bright-com-ser-fw-50g.jpg,Personal Care,0.25,,FOAM ARNIER SKIN NATURALS BRIGHT COMPLETE VitaminC FACEWASH DULLNESS CLEARS VTAMINC-LEMON DEEPCLEANSING
ok,Gar Men Nat Black1,gar-men-nat-black1.jpg,Personal Care,0.25,,2.0 ORIGINAL BLACK 37/ GARNIR Blach ALMONDOIL BLACKTEA EXTRACT Naturals OILENRICHEDCREMECOLOR Natural Looking Result >Proven NO Ammonia WORKSIN 5XShiny&SoftHair 15 100%GreyCoverage MIN
ok,Knorr Mix Veg Soup50G,knorr-mix-veg-soup50g.jpg,Ready to Cook,0.25,,Kmor SINCE1838 MIXED VEGETABLE SOUP OurPromise with100%Real legetables No added preservatives PerServe 150mlwater) kcal 36 2% OFGDA
ok,Uzhavu Herbal Jaggery Powder500G,uzhavu-herbal-jaggery-powder500g.jpg,Sweeteners,0.25,,"HERBAL UZHAYU JAGGERYPOWDER Organics Jssai SORNAM ENTERPRISES Netwt:500grm MRP 4/680,TNCsc Nagar,Chennamanaickampatti Rs.60.00 Pkd Apr.19BestBefore6Month Dindigul-624 004. E-mail:indusugu79@gmail.com"
ok,Loreal Hy Pure 72H Cond175Ml,loreal-hy-pure-72h-cond175ml.jpg,Personal Care,0.25,,"L'OREAL PARiS OFFICIALSTORE EXPERT HAIRCARE L'OREAL ELVIVE LHYALURONJ 72 PURE NEW HOUR OILFREESCALP &HYDRATEDHAIR 72HPURIFYING SHAMPOO ""INSTRUMENTALTESTUSINGMASKVS.CLASSICSRAMROO [Salicylic+HyaluronleAcid] Cleanses the scalp and OILYSCALP& 175ML"
ok,Saffola Mas Oat Masala400g,saffola-mas-oat-masala400g.jpg,Spices & Masalas,0.25,,NAL! PACK Saffoia masala one oats dlassic Masala
ok,Gil Sha Gel Sen 195g,gil-sha-gel-sen-195g.jpg,Personal Care,0.25,,SERIES SHAVE GEL SOOTHING WITH ALOE VERA SENSITIVE
ok,Mysore San Herbal Soap,mysore-san-herbal-soap.jpg,Personal Care,0.25,,SINCE 1916 Soap Only Soapwith Pure Sandalwood Oil
ok,Engage On Woman Pocket Perfume,engage-on-woman-pocket-perfume.jpg,Personal Care,0.25,,ENCAGE ENGAGE MAN NGAGE ORIGINAL POCKETPERFUME
ok,Knorr Pizza&pasta Sauce,knorr-pizza-pasta-sauce.jpg,Pasta & Noodles,0.25,,PinznePasta PIZZAPASTA SAUCE OurPromise h100%Real Noodded icialcolours
ok,Mysore San Baby Soap 75G,mysore-san-baby-soap-75g.jpg,Personal Care,0.25,,SINCE 1916 Soap Only Soapwith Pure Sandalwood Oil
ok,Park Ave Luxury Soap 125g,park-ave-luxury-soap-125g.jpg,Personal Care,0.25,,PACKOF125gX4i.SOAPS DISTRISINWDULSENCE PARK AVENUE PREMIUMMEN'SSOAP PURELUXURY Shea Butter+Coconut Oil
ok,Alpenliebe Lolly Pop,alpenliebe-lolly-pop.jpg,Chocolates & Candies,0.33,,"Assorted Pack HOME PACK Alpenlicbe LOUTPORTOFE 384 LOULPOR,OFE"
ok,Milky Mist Paneer 1Kg,milky-mist-paneer-1kg.jpg,Dairy & Fats,0.33,,"MVist Paneer ILINFORMATION AMO 50g%RDA# 142 So 16% 0% 30 09 calcuiated onthe ragevalues. 904083 INGREDIENTS:MilkSolids& C265NO1 ""ALWAYSKEEPREFRIGERATEAT4°C0 AFTEROPENINGUSE THECONTENTSWIT"
ok,Brit Cake Fruit 65G,brit-cake-fruit-65g.png,Bakery & Snacks,0.33,,BUTNA Cake
ok,Maharaja Coconut Oil1Lt,maharaja-coconut-oil1lt.png,Cooking Oils,0.33,,1L MAHARAJA COCONUTOIL
ok,Klf Coconut Oil450R,klf-coconut-oil450r.jpg,Cooking Oils,0.33,,USING VSIC KINGDOM FACTORY LARGEST RANGEOF NO NCIDITY KLF coconad withgoodnessof 47%LAURICS Freshnesspromised PURE&NATURAL Superiorqualitycocontoil will start solidifjing earliercomparedtoother COCONUTOIL
ok,Rin Lem & Rose500G,rin-lem-rose500g.jpg,Household,0.33,,Detergent Powder Refresh LEMON and ROSE 500g
ok,Anil Biryani Vermicelli200G,anil-biryani-vermicelli200g.jpg,Pasta & Noodles,0.33,,raditionAboveGenerations Anil Since1984 flweoflCgwn BIRYANIVERMICELLI NETQUANTITY 200g
ok,Sun Rich S.F Oil 800G,sun-rich-s-f-oil-800g.jpg,Cooking Oils,0.33,,"Upto15%less WITH VITAMIN absorption A& Sunrich REFINED SUNFLOWER OIL Clearer,Lighter,Healthier"
ok,Meiji Yan Yan,meiji-yan-yan.jpg,Bakery & Snacks,0.33,,meiji meiji meiji meiji meiji 浙ETW200Z1184025700 10-201579OPS CREME FUNANIMAL ONEACHSTICK! NAMEGAMES CRACKER CHOCOLATE CREME
ok,Pril Liq Green 750Ml,pril-liq-green-750ml.jpg,Household,0.33,,Lime Pril PERFECT 750 ml
ok,Chefs Bas Macaroni500G,chefs-bas-macaroni500g.jpg,Pasta & Noodles,0.33,,chef's basket MACARONI PASTA .100%SUJI.NOMAIDA
ok,Lia Rome Freshener,lia-rome-freshener.jpg,Household,0.33,,25 25 25 25 EXTRA EXTRA lia lia lia lia CHANDANAM ROYALORCHID SEA SHORE ROSE AGARWOOD JAS BOOU FRESHENTE SOCN FRESHCHI EOOM YRESHENCE
ok,Dettol Orig Soap 100G,dettol-orig-soap-100g.webp,Personal Care,0.33,,PROTECTSFROM Dettol 99.99% ILLNESS CAUSING GERMSA BE100%SURE ORIGINAL GERM DEFENCE IMARECOMMENDED
ok,Idhayam Mantra Oil 1 L,idhayam-mantra-oil-1-l.png,Cooking Oils,0.33,,IDHAYAM biion 1 Litre(912g)atsorc PRODUCTOFINDIA FREE FROMARGEMONEOL
ok,Yippee Magic Mas15Rs,yippee-magic-mas15rs.png,Pasta & Noodles,0.33,,Magic masal masala .JUNIO Pocke lone 55g
ok,Black Belt Bleaching 200,black-belt-bleaching-200.jpg,Personal Care,0.33,,STRONG Bleaching Powder With CHLORINE ENRICHED MONKEY Disinfects 555 Sanitizes VIBHAVA Deodorises Bleaches
ok,Amurtham Gin Oil 500Ml,amurtham-gin-oil-500ml.webp,Cooking Oils,0.33,,C3 Cooking Grade AMURTHAM GINGELLYOIL Cooking Grade
ok,Milky Mist Co Butter100G,milky-mist-co-butter100g.jpg,Dairy & Fats,0.33,,Milist Net Weight 100g Cooking Butter UNSALTED PASTEURISED
ok,Annai Naval Kottai,annai-naval-kottai.jpg,Bakery & Snacks,0.33,,icRs Annai Snacks Madewnith love Made 400g
ok,Par Happy Ha Cake,par-happy-ha-cake.jpg,Bakery & Snacks,0.33,,Chocotate Happy Cakes
ok,Milky Mist Curd 200G,milky-mist-curd-200g.jpg,Dairy & Fats,0.33,,milkymist FARM FRESH CurD
ok,Complan Kesar Badam 400G Jar,complan-kesar-badam-400g-jar.jpg,Health & Wellness,0.33,,BADAM KHEER FLAVOUR OFPROTEIN NUTRIGRO ALL ROUND 2-6 YEARS GROWTHS
ok,Idhayam Gin Oil 100 Ml,idhayam-gin-oil-100-ml.png,Cooking Oils,0.33,,IDHAYAM esame otl CRDE PPDLGEMONE OUL 3 196No18016042002340
ok,Anil Ragi Semia180G,anil-ragi-semia180g.jpg,Pasta & Noodles,0.33,,dition Above Generations Anil Since1984 FINGERMILLETVERMICE udsyvermicellesreleusine NETWEIGH 180g/6.40 Pagaphsocgg p45gofsenving
ok,Pears Soft&Fresh 80G,pears-soft-fresh-80g.jpg,Personal Care,0.33,,Pears SoftandFresh 98%Pure Glycerin& Mint Extracts Look Young Stay Young
ok,Dds Stone Sugar 250G,dds-stone-sugar-250g.jpg,Sweeteners,0.33,,DIABLISS LOWGLYCEMICINDEXFOODS First of its kind Goodnes of HerbulExtacts igar DIABLISS 5kg DIABLISS OWGLCIMICINDEXFOOOS LOWY Firitofits Wind DIABLISS Sugar LOWGLYCEMICINDEXFOOOS Firstofitskind AD Sugar Sugar DIABLISS Sugar
ok,Gar Bright Com Fw 50G,gar-bright-com-fw-50g.jpg,Personal Care,0.33,,FOAM ARNIER SKIN NATURALS BRIGHT COMPLETE VitaminC FACEWASH DULLNESS CLEARS VTAMINC-LEMON DEEPCLEANSING
ok,Livon Silky Potion 20 Ml,livon-silky-potion-20-ml.jpg,Personal Care,0.33,,EXPLORE THE LIVON RANGE LIVON LIVON SERUM SHAKE & FORROUGH SPRAY & DRY HAIR SERUM LIVON LIVON ANTI-FRIZZ SERUM ANTI-FRIZZSERUMSPRAY FORROUGH&DRY HAIR FOR ALL HAIRTYPES SPRAY AND Hisows Go! Z4HOUR SUPERSMOOTHNESS BAMXGE DAMAGE VITAMINE WITH VITANINE PROTECTION- PROTECTION- AARSAKEH LIVON LIVON DAMAGE
ok,Halt Zeera Rice 1Kg,halt-zeera-rice-1kg.png,Rice & Cereals,0.33,,ALI Leera Rice ANDLE Chilli Sauce STBEFORE hale aatl
ok,Kr Black Rice Dosa 500G,kr-black-rice-dosa-500g.webp,Rice & Cereals,0.33,,ANUBHUTHI TM HOME FOOdS BlackRice Dosa Mix Healthy · Wholesomer Easy to Cook INSTANT 250G
ok,Dds Green Dhania 500G,dds-green-dhania-500g.jpg,Spices & Masalas,0.33,,Ritha Sudhata Ka DDS Spicea CORIANDER POWDER 500g
ok,Stayfree Sec Xl 20W,stayfree-sec-xl-20w.jpg,Personal Care,0.33,,BESTEVER* UPTO PROTECTION Stayfree secure XL Cottony Comfort Units
ok,Ponvandu Soap 250G Supreme,ponvandu-soap-250g-supreme.jpg,Personal Care,0.33,,PONVANDU SUPREM DETERGENTCAK
ok,Dds Raw Rice 1 Kg,dds-raw-rice-1-kg.jpg,Rice & Cereals,0.33,,JavikBharat Nature's Wheel INDIAN TRADITIONAL RICE RAWDOSARICE 100% Net Wt. 1Kg
ok,Dds Poppy Seeds 50 G,dds-poppy-seeds-50-g.jpg,Spices & Masalas,0.33,,PATANJALD TANIA POPPY IALI PATANY eeds POP eer
ok,Dds Bedigai Chilli 100 G,dds-bedigai-chilli-100-g.jpg,Spices & Masalas,0.33,,Diwanji DeshiByadgi Chilli powder Gold
ok,Dds Wheat Rava 500 G,dds-wheat-rava-500-g.jpg,Rice & Cereals,0.33,,IBLEROASTEDN BESTFOR ★UPMA Ingredients:HardPunjabWheat ★KESARI ：500g ★ RAVAIDLY Net Weight ★ RAVA DOSA Max.RetailPrice: (ncd.ofalltaxes) ★ RAVA LADDU PackedOn ★ RAVAKITCHA n No. NUTRITIONALFACTS BEST BEFORE SIX MGNTHS (Approx)Per100g FROMPACKAGING Protein 12.00g Fat 1309 Carbohydrates 81.20g Mineral
ok,Dds Kadal Passi 10 G,dds-kadal-passi-10-g.jpg,Spices & Masalas,0.33,,Ristha Sudhata Ra DDS Spico's CHHAT MASALA Munchy Chaat fordusky Hours! THE NATURAL TASTEEINDIA
ok,Sak Mutton Masal 100G,sak-mutton-masal-100g.webp,Spices & Masalas,0.33,,"SK Mutton SGNOF QUALITY Mutton Masala Masala SIGNOFQUALITY INGREDIENTS(INPOWDERFORM): ssai ALLERGICADVICE: Chillsau ProssedinthefaitythatalsoproessSesam Dyngakadmm LIC.NO.1072320007 MuarWhik BlakpasinaGreeardm MFO.&MKTO.Y lodiedSal,hydratdGalicryugee LeafhydratednonHyolydSoyProti ANIFODHUBLLP STORAG"
ok,Kr Redrice Puttu Podi 500Gm,kr-redrice-puttu-podi-500gm.jpg,Rice & Cereals,0.33,,500g CHUMMY OFOODSO Simply yummy RED RICE PUTTU siropawwroire ORGANIC NO ADDED PRESERVATIVES GLUTEN FREE PURE VEGAN
ok,Knorr H&S Veg Soup,knorr-h-s-veg-soup.jpg,Ready to Cook,0.33,,lassic Kmor Hot&Sour Vegetable Soup with 100% Real Vegetables No added Preservatives perportion (10.75g.powder) kcal 36 GDA Serves4
ok,Faber Premium Notebook,faber-premium-notebook.jpg,Toys & Stationery,0.33,,FABER-CASTELL Sinz1761 Chlorine-free paper
ok,Rockfort Wheat Rava 500 G,rockfort-wheat-rava-500-g.jpg,Rice & Cereals,0.33,,Rate:65.00 10029 Philomzina's ROASTEDRAVA Packed&Mankeledby Ingredets:Wheat PalakaranBidg.KinumpadyRos Philomina's FoodProducts Muvaltupuzha inlo@ohlominasfoodsin www.philominasfoodsin Customer Care No:9946767696 falNo.11319007001963 BetBeog6MoshomeDPacing KEEFINDRYPLACE
ok,Pears Pure&Gen125Gm,pears-pure-gen125gm.jpg,Personal Care,0.33,,BUY5009&GET1259FREE (5x125g) Pears pear PureandGentle 98%PureGlycerin& Natural Oils Look Young Stay Young
ok,Tongue Cleaner Copper,tongue-cleaner-copper.png,Personal Care,0.33,,VEGA Tongue OPPERE
ok,Dds Toor Dhall 500 G,dds-toor-dhall-500-g.jpg,Pulses & Grains,0.33,,aaiRose A.C.LONAPPANSONS AN 15O22000:2008 HACCPCERTIFIED COMPANY Toor Dal FARM Netw.3500g FRECH
ok,Dds Stemless Chilly 250 G,dds-stemless-chilly-250-g.jpg,Spices & Masalas,0.33,,ABOVE 76 76 MICRON MICRON PackedOnAUG.2023 NetWeight:500g CunturChill Whole Stemless M.R.P.:499(incAllTa) Pefore12Me
ok,Dds Surool Pattai 20 G,dds-surool-pattai-20-g.jpg,Spices & Masalas,0.33,,"DDS DAHIVADA MASALA 100gm lyndets Daimaaoihmarinwehu savouriesalso Lic.No,22719626000024 Noaddedcolouronflavor. Manufactured By: nETUEGTUEnPIOD:1OOGmL Information on Crimp BRTCHNO.CITH-003 DDSPICES mFGDRTECmH-003 (UitorProdehy inde mRP R60/- Customar Coro email-ddupites.ckpiomol.com Compnywilobre th"
ok,Nail Polish Remover,nail-polish-remover.jpg,Personal Care,0.33,,nailpolish remover 250mle8.4UsFl.Oz
ok,Ponds Sandal Talc 40g(s),ponds-sandal-talc-40g-s.jpg,Personal Care,0.33,,POND'S NATURAL SUNSCREEN talcumpowder radiance SANDAL
ok,Salt&pepper Set,salt-pepper-set.jpg,Salt & Condiments,0.33,,"MADEIN S. EVERYDAY Fodized Salt & Fepper det THIS SALTSUPPLIESIODIDE,ANECESSARYNUTRIENT"
ok,Ponds Hydra Light Gel Wash100H,ponds-hydra-light-gel-wash100h.jpg,Personal Care,0.4,,POND'S FORMULATED BY THE POND'S INSTITUTE HYDRA LIGHT WITH HYALURONIC ACID GELFACEWASH HYDRATE&GLOW
ok,Lotus Bisciff 10Rs,lotus-bisciff-10rs.jpg,Bakery & Snacks,0.5,,botus Biscoff 10x 8.80z lbtus 250g Biscoff 8.80Z Lotus ce1932 Biscoff 8.80Z 250g
ok,Rajam Badam 200G,rajam-badam-200g.jpg,Dry Fruits & Nuts,0.5,,"Buy 1 Get 1 Free! Since 1989 ajam BADAM Drink Mix CERTIFIED Added Natural BADAM& ProprtetaryFood (BadamDnnk Mix) CASHEW NUTS (-FotPreparatonofBadammix) ""Doesncontainmik"" ADDWITHHOTOR COLD MILK Net.wt.200g"
ok,Gold Winner 1 Lt,gold-winner-1-lt.jpg,Cooking Oils,0.5,,"Kaleesuwari Gold dWinner Refined Sunflower Oil Clear,Light&Non-sticky Zero Cholesterol vitamins, 80 ImprovesDigestion QUALITY CHECKS"
ok,Hershey'S Chocolate,hershey-s-chocolate.jpg,Chocolates & Candies,0.5,,HERSHEYS HERSHEY'S HERSHEY'S EXOTICDARK EXOTICDARK CALIFORNIANALMONDS RASPBERRY &GOJI SUAAMEXICANCHILFLANGR HERSHEY'S HERSHEY'S FLXIREDCENTERCHOCOLATE Kisses KIsses cookies'n'creme almonds crunchgalmondbitsmilkhocolate HERSHEY'S HERSHEY'S WHOLE ALMONDS COOKIES N'CREME
ok,Narasus Varmicelli 180G,narasus-varmicelli-180g.jpg,Pasta & Noodles,0.5,,Narasu's hce1926 Whole wheat Vermicelli NET QUANTITY:180g
ok,Nippat Amman 50Rs,nippat-amman-50rs.jpg,Bakery & Snacks,0.5,,"Modern Kitchens NIPPAT NO FLAVORS PRESERVATIVE Fresh,crispyTasty"
ok,Nandini Ghee 1 L (S),nandini-ghee-1-l-s.png,Dairy & Fats,0.5,,"nandini Nandini PUREGHEE Net Quantity The Legacy of Purity 1Litre(905g) ""PackDesignisVisuatRepresentationonly"
ok,Lion Honey 250+250G,lion-honey-250-250g.jpg,Health & Wellness,0.5,,ZAONMIE HONE HONEY SAOHMIR 250g 250g
ok,Lizol Citrus 975Ml,lizol-citrus-975ml.jpg,Household,0.5,,CLEANING &GERMKILL 10X figoe SURFACECLEANER DISINFECTANT Citrus
ok,Monkey 555 5T Broom,monkey-555-5t-broom.jpg,Household,0.5,,MONKEY MONKEY555 REGULAR VIRILAVA MONKEY
ok,Ban Bl Henna 20G,ban-bl-henna-20g.webp,Personal Care,0.5,,NEWPACK Brown Henna Genuine Original SHAGUNGOLDHENNACertification TradeMarkNo10477133 Indian Standards No.IS:10350
ok,Iodex Spray60G,iodex-spray60g.jpg,Health & Wellness,0.5,,Rapid Action Spray lodex BODYPAINEXPERT 60g
ok,Dairy Milk 5Rs,dairy-milk-5rs.jpg,Chocolates & Candies,0.5,,Mik. 100% Cabury SUSTAINABLY SOURCED COCOA Dairy CHOCOLATE 6.6g Chocolate x72units
ok,Lizol Citrus200 Ml,lizol-citrus200-ml.jpg,Household,0.5,,EFFECTIVEAGAINST COVID-19VIRUS# DISINFECTAN 3TRIPLE DISPHCTART ALLN DISINFECTANT SURFACECLEANER Citrus #AsperlabtestingdoneonCovid-19virus&representativebacteria.
ok,Nayasa Bucket,nayasa-bucket.jpg,Household,0.5,,NAYASA
ok,Goodday Butter 5Rs,goodday-butter-5rs.png,Bakery & Snacks,0.5,,Good 275 Butter Cookies
ok,Arnad Imm Water Heater,arnad-imm-water-heater.jpg,Electronics,0.5,,GRNAD IMMERBION WATER MeOu ARNAD IMMERSIONWATERHEATER 1500WHEATER
ok,Brit Rusk 40,brit-rusk-40.jpg,Bakery & Snacks,0.5,,100%VEG Brit-o DEUCIOU Suji Elaichi RUSK RUSK OVENFRESHCRUNCHYRUSK Brit-0
ok,Kr Sundai Vattal 100G,kr-sundai-vattal-100g.webp,Bakery & Snacks,0.5,,KITCH'N RALTASTE INDI SUNDAI VATHTHAL
ok,Rkg Ghee-200Ml Jar,rkg-ghee-200ml-jar.jpg,Dairy & Fats,0.5,,RKG AGMARKGHEE
ok,Maharaja G Nut Oil 1Lt,maharaja-g-nut-oil-1lt.jpg,Cooking Oils,0.5,,GOLD maharaja AGMARK COLD PRESSED GROUNDNUT OIL 5e
ok,Softouch Lavender 800Ml,softouch-lavender-800ml.jpg,Household,0.5,,wipro Softouch Fabric Conditioner NEW Softouch 2X ROYAL 2X PERFUME ROYAL PERFUME AFTERWASH AFTER WASH
ok,Milky Mist Table Butter 100G,milky-mist-table-butter-100g.jpg,Dairy & Fats,0.5,,milkymist PASTEURISED TABLE BUTTER SALTED NetQuantity:100g Imagesareshownforrepresentativepurposesonly.
ok,Nanmai Appalam 100G,nanmai-appalam-100g.jpg,Bakery & Snacks,0.5,,NANMAI 156016010
ok,Lion Honey 400 G,lion-honey-400-g.png,Health & Wellness,0.5,,LON WION HONEY HONEY BUY 1GET 1FREE 400 HONEY gms
ok,Comfort Royale 4X4,comfort-royale-4x4.jpg,Household,0.5,,PERFUME DELUXE Cmfort ROYALE EAU DE 850 ARFUM
ok,Engage Deo 50Ml,engage-deo-50ml.jpg,Personal Care,0.5,,WOMAN WOMAN OMAN ENgAgE ENgAgE ENgAgE ENgAgE BLUSH 24 BLUSH SPELL SPELL bodylicious bodyliciousdoos bodylticlous bodyliclous Aquaityucfrm
ok,Swastik Castor Oil 100Mlbaby,swastik-castor-oil-100mlbaby.jpg,Baby Care,0.5,,URSTIK CASTOR OIL DHSALESCO
ok,Linga Snacks,linga-snacks.png,Bakery & Snacks,0.5,,"NUTRITION FACTS TM Serving Size 100grams Lingg Per 100g lingg ENERGY 411 kcal REFINED SUNFLOWEROIL CARBCHYDRATES 51.5 g SWEETS FAT 23.3g SATURATED FAT 3.49 TRANS FAT -0.1 g MANUFACTURED BY: LINGA SWEETS 96A/WG, VAYALPATTI ROAD, INGREDIENTS: Sweets PROTEN 1.69 fssai TOTAL SUGAR ≤0.1 g KODUVILARPATTI,"
ok,Lion Seedless 500 G (J),lion-seedless-500-g-j.jpg,Dry Fruits & Nuts,0.5,,LION Delicacy DATES 500g Rove Mixed 1-800-4252649041 Nuts METSANTITY ：400g DATEOFOOGOG:
ok,Vim Bar 4X200,vim-bar-4x200.jpg,Household,0.5,,WithPOWEROF LEMONS WithPOWEROF LEMONS withPOWEROF LEMONS Dishwash Bar 3x 200
ok,Power Bath Papaya Soap,power-bath-papaya-soap.jpg,Personal Care,0.5,,Nature POWER Papaya Aura
ok,Smith&Jones Tom Ket 90G,smith-jones-tom-ket-90g.png,Salt & Condiments,0.5,,SMITH &JONES Very Very Tasty! SMITH & JONES Mery Very Tasty! Ginger SMITH &JONES yVery Toy! Ginger Garlic 2AM Gariic Paste Paste SMITH & JONES SMITH &JONES SMITH&JONES Pasta Peri Masala mer Peri Masala Nutri Masala
ok,Dds Maratimocku 10 G,dds-maratimocku-10-g.jpg,Spices & Masalas,0.5,,Ristha Sudhata Ka DDS Spice's CHHOLEMASALA 100%Pure THE NATURAL TASTE OF INDIA
ok,Cycle 3 In One-50,cycle-3-in-one-50.jpg,Pooja & Religious,0.5,,OUUTY CYCLE inone SERENE YUGANTAR UAGRANE
ok,Darshan Incense,darshan-incense.jpg,Pooja & Religious,0.5,,T.M.No.4067085 BHaRaTH DARSHAN INCENSESTICKS TTAGRANCEWHICHSPREADSFRE THEMINDANDATMOSPHERE
ok,Gopuram Kumkum 40G,gopuram-kumkum-40g.jpg,Pooja & Religious,0.5,,GOPURAM
ok,Dds Barley 250 G,dds-barley-250-g.jpg,Rice & Cereals,0.5,,BARLEY DFS
ok,Indiagate Classic 1Kg,indiagate-classic-1kg.jpg,Rice & Cereals,0.5,,CELEBRATION PACK INDIA GATE BASMATIRICE CLASSIC
ok,Him Fw Apricot 100Ml,him-fw-apricot-100ml.png,Personal Care,0.5,,maaa MINCED Gente Exfoleting Apricot Face Scrub AFRGOT + HEAYGISM 100%
ok,Cycle Naivedya,cycle-naivedya.jpg,Pooja & Religious,0.5,,CUPS  Naivedya Naivedya SYMBOLOF QUALITY Sambrani
ok,Chinnis Garlic 70G,chinnis-garlic-70g.jpg,Spices & Masalas,0.5,,TM 100%Veg @MAS Fresh No Onion No Garlic Noodles magic Perfectfor: Noodles Pasta Net:70g Authentic Spice Mix Masala Paratha 2.460z
ok,Sg Sweet Mrp 60,sg-sweet-mrp-60.jpg,Sweeteners,0.5,,WOSgisNOAnfic SweetlLeaf sweet sweet sweet drops drops drops GLUTEN Caramel Pumpkin Spice Chocolate Flavored Flavored Flavored Stevia Sweetener Stevia Sweetener Stevia Sweetener 17FLOZ(50ML) 7FLOZ(50ML) 1.7FLOZ(SOML)
ok,Vega Hmwc-05,vega-hmwc-05.jpg,Personal Care,0.5,,"VEGA HAIR BRUSH No. INDIA BRANDIN LICECOMB(DOUBE-SIDED) HandCraritedVEGA HMAWC-85 'AzResearch,February2023"
ok,Dds Mustard 100 G,dds-mustard-100-g.jpg,Spices & Masalas,0.5,,Pitha Sudhata Ka DDS Spice's Premium Quality KITCHEN KING 100%Pure THE NATURALTA STEOFINDIA
ok,Indulekha Shampoo 2X16,indulekha-shampoo-2x16.jpg,Personal Care,0.5,,indulekha indulekha Bringha Hair Cleanser Bringha Hair Cleunser ANAYURVEDICPROPRIETARY MEDICINEFORHAIRFALLA ANAYURVEDICPROPRIETARY MEDICINEFORHAIRFALLA
ok,Aashirvaad Atta 5 Kg,aashirvaad-atta-5-kg.jpg,Pulses & Grains,0.5,,WHOLE WHEAT FLOUR PROYIN SOYA. Atta INDIA NETWT.5KG FLUPTOSEEHOW
ok,Dds Menthya 250G,dds-menthya-250g.jpg,Spices & Masalas,0.5,,DDS Spice's DAHIVADA MASALA THENATURAL TASTEOFINDIA
ok,Vivel Sandal 100G,vivel-sandal-100g.jpg,Personal Care,0.5,,Vivel VedVidya Vivel Nargis& Kumkumadi oil BEAUTY Vivel Nagarmotha& Bahumanjarioil Chandan& Vivel Badamam oil LUXURYPACKOF3SKINCAREBARS
ok,Dds Maida 500G,dds-maida-500g.jpg,Rice & Cereals,0.5,,Maida eccan MAIDA 500g
ok,Darling Chicken 50G,darling-chicken-50g.jpg,Spices & Masalas,0.5,,TM Darling CHICKENMASALA 50g
ok,Dds Garlic 250Gm,dds-garlic-250gm.jpg,Spices & Masalas,0.5,,DDS gold CONSOSE
ok,Dds Menthya 100 G,dds-menthya-100-g.jpg,Spices & Masalas,0.5,,DDS Spice's DAHIVADA MASALA THENATURAL TASTEOFINDIA
ok,Youva Dairy,youva-dairy.jpg,Toys & Stationery,0.5,,YOuVA CRAYONS COLOUR+STATIONARY CRE THINK KIT TEMPERA COLOURS
ok,Mysore Sandal Cup Sambrani,mysore-sandal-cup-sambrani.png,Pooja & Religious,0.5,,MysoreSandals Cup Sambrani Bring homethemystic aroma of spirituality
ok,Dds Jadikai,dds-jadikai.jpg,Spices & Masalas,0.5,,DDS Spicas Premiun GARAM MASALA onfity POWDER
ok,Tulip Perfume,tulip-perfume.jpg,Personal Care,0.5,,HPPremiumOualty HePremiumO.aity Hulip Hulip Premium Qualty Premiun Qualy Fulp Fulip Fobrx PefumeSpray Fabric Fobric Rejue Sproy Pertume Spray Perfume Spray Fabnc 100mil. 100.ml
ok,K.P Namboo Sandal 75G,k-p-namboo-sandal-75g.jpg,Personal Care,0.5,,KPNAMBOODIRI'S SANDAL HERBALSOAP NATURALSKINNOURISHMENT ENRICHEDWMTHLIOLOEE
ok,Whisper Ul Xl+ 150Pads,whisper-ul-xl-150pads.jpg,Personal Care,0.5,,SUPERSAVERPACK XL+ 317mm 30 PADS whisper ULTRA skinlove soft 100%LEAK SOFT PROTECTION
ok,Dds Rava 500 G,dds-rava-500-g.jpg,Rice & Cereals,0.5,,Natural Product SR SRIVIJAYA GOLD Rice Rava 100% PURE Net Weight 500g
ok,Sak Turmeric 50 G,sak-turmeric-50-g.jpg,Spices & Masalas,0.5,,"INGREDIENT:TURMERIC TUR1CFJYXXII Mandfactrid by: SAKTHIMASALA(P)LTD JUL2023 MAR2024 CIN:U15499TZ1997PTC008000 Erode-638004.Tamitnadu.INUIA 86,Mamarathupalayam, 15.00 www.sakthimasala.cot cusiomercaresakcnimasala Hemen10ssAsdtSpnOnworiru Tel:(0424)2533601 Date of Packaging saxtlliejoansnpu) Customr C"
ok,Vicco Paste 100 G,vicco-paste-100-g.jpg,Personal Care,0.5,,Ayurvedic ONGUMSANDTEETH Medicine ForGums VICCO And Teeth Net Weight 100g BatchNo APPLICATION:ON GUMSANDTEETH ICCO 100g Net Weight Ayurvedic Medicinefor Gums And Teeth
ok,Navi Maida 500G,navi-maida-500g.png,Rice & Cereals,0.5,,Namajivi Ch SaastSh MAIDA
ok,Dds Tamarind 250 G Spl,dds-tamarind-250-g-spl.webp,Spices & Masalas,0.5,,KSO KeralaSices Tamarind NE.W. 200gm Zero Richin Zero Trans Fat Dietry Fibre Cholesterol
ok,Dds Sugar 500 G,dds-sugar-500-g.jpg,Sweeteners,0.5,,DEVELOPED DEVELOPED WITH WITH DLABLISS DIABLISS LOWGLYCEMICINDEXFOODS LOWGLYCEMICINDEXFOODS First of its kind First of its kind GoodnessofHerbslExtracts GoodnessofHerbalExtracts Sugar Sugar Perfectfora fora DEVELOPED DEVELOPED WITH WITH etothe DLABLISS DIABLISS LOWGLYCEMICINDEXFOODS LOWGLYCEMICINDEX
ok,Darling Turmeric 50G,darling-turmeric-50g.jpg,Spices & Masalas,0.5,,Darling Darling CHILLIPOWDER CORANDERPOWDER Darling Darling GARAMMASALA TURMERICPOWDER
ok,Dds Jeera 250G,dds-jeera-250g.jpg,Spices & Masalas,0.5,,"OLD INDIA SPICEMASTER'SCHOICE PREMIUMQUALITY Dhana Jeera Country of Origin:UK Net Wt:250ge Nutritional Information per 100g Ingredients: Energy (K) 1481 Coriander,Cumin,Turmerlc, Cloves Kcal 354 Fat(o) 18 ofwhich saturates(g) 80 Carbohydrate(g) ofwhich sugar(g) Protein(g) 13 Salt(g) 0.14 Allergens: "
ok,Levista Premium 8G,levista-premium-8g.jpg,Tea & Coffee,0.5,,Levista lnstant Cofleeo
ok,Ponds Sandal 100 G(s),ponds-sandal-100-g-s.jpg,Personal Care,0.5,,POND'S NATURAL SUNSCREEN talcumpowder radiance SANDAL
ok,Choki Choki Cho Milk,choki-choki-cho-milk.jpg,Dairy & Fats,0.5,,choki choki Chococashew Contet 100 600g)
ok,Scotch Brite Sponge Wipe,scotch-brite-sponge-wipe.jpg,Household,0.5,,SCRUB SPONGES NON-SCRATCH Scotch- SCRUBSPONGE Brite. Cleaning Powerfor EverydayJobs SAFEON:NON-STICKCOOKWARE.COUNTERTOPS.SHOWERS.TUBS.ANDMORE! AMERICASBEST-SELLING 3M NON-SCRATCHSCRUBSPONGE
ok,Exo Bar-5rs,exo-bar-5rs.jpg,Household,0.5,,"CRICKET PROTEIN BAR 14g PROTEIN PEANUT BUTTER GLUTEN & DAIRY FREE CHOCOLATECHIP 12X1.80Z（50g)BARS,NETWT21.60Z（600g）"
ok,Scotch Brite Spong Wipe,scotch-brite-spong-wipe.jpg,Household,0.5,,SCRUB SPONGES NON-SCRATCH Scotch- SCRUBSPONGE Brite. Cleaning Powerfor EverydayJobs SAFEON:NON-STICKCOOKWARE.COUNTERTOPS.SHOWERS.TUBS.ANDMORE! AMERICASBEST-SELLING 3M NON-SCRATCHSCRUBSPONGE
ok,Exo Bar-10rs,exo-bar-10rs.jpg,Household,0.5,,"CRICKET PROTEIN BAR 14g PROTEIN PEANUT BUTTER GLUTEN & DAIRY FREE CHOCOLATECHIP 12X1.80Z（50g)BARS,NETWT21.60Z（600g）"
ok,Fab Liquid 825g,fab-liquid-825g.jpg,Household,0.5,,92%Biodegradable Ingredients 50%recycledbottle Fab Fabulously Clean... FabulouslyFresh Fresh Blossom
ok,Fab Liquid 10rs,fab-liquid-10rs.jpg,Household,0.5,,92%Biodegradable Ingredients 50%recycledbottle Fab Fabulously Clean... FabulouslyFresh Fresh Blossom
ok,Diet Coke 300 Ml,diet-coke-300-ml.jpg,Beverages,0.5,,Coke Coke Coke Die
ok,Lipton Green Tea Hn Lem100g,lipton-green-tea-hn-lem100g.jpg,Tea & Coffee,0.5,,ROSDAILYYALUE ANTIOXIDANT VITAMINC PRROZ Lipton DIETGREEN TEA MIXEDBEFRY FLAVORWITHOTHERNATURALFLAVORS
ok,Mtr Rava Dosa Mix 500 G,mtr-rava-dosa-mix-500-g.jpg,Rice & Cereals,0.5,,MP Rava Dosa ORIGINAL Breakfastme
ok,Kel Museli Fruit & Nut 275 G,kel-museli-fruit-nut-275-g.jpg,Bakery & Snacks,0.5,,"GLUTEN FREE Crispy Deluxe Fruit&Nut Muesli Toastedflakeswithvine fruits&dates,roastednuts, seeds&cinnamon VVeganfriendly V.Over40%fruit&seeds Noartificial colours orflavours HEALTHSTAR RATING"
ok,Kelloggs Muesli,kelloggs-muesli.jpg,Bakery & Snacks,0.5,,"MUESLI 259.00 Total -259.00 PAPAYA,RAISINS PUMPKINSEEDS CRANBERRIES, ALMONDS& KIS WITH IUT&SI OATS,W BARLEI GRAINS"
ok,True Element Rolled Oats 1.2kg,true-element-rolled-oats-1-2kg.jpg,Bakery & Snacks,0.5,,True Elements READY-TO-COOK BREAKFAST STEEL CUT OATS 100%WHOLEGRAIN product has a
ok,Fair And Handsome 15G,fair-and-handsome-15g.jpg,Personal Care,0.5,,emami FAIRAND HANDSOME ADVANCED WHITENING REFRESHING FACEWASH ACTIFAIRPEPTIDE WEEKS VISIBLYLIGHTERGHYDRATED SKIN FOR NORMALTODRY SKIN
ok,Ponds Magic 40g(s),ponds-magic-40g-s.jpg,Personal Care,0.5,,POND' MAGIC freshness talcum powder ACACIA HONEY 50g
ok,Ponds Magic 80g(s),ponds-magic-80g-s.jpg,Personal Care,0.5,,POND' MAGIC freshness talcum powder ACACIA HONEY 50g
ok,Doms Pencil-60,doms-pencil-60.jpg,Toys & Stationery,0.5,,DOMS EVERYAMBITIONNEEDS PREPARATION DRAWING PENCILS Hi-Precision for Sketching TELEPHONE SKETCH TOOL HB2B4B6B8B10B ONEERASER INSIDETHISPACK
ok,Ponds Talc 10rs,ponds-talc-10rs.jpg,Personal Care,0.5,,POND'S DREAMFLOWER Fragrant Talc PinkLily 2009 2020/6/13 16:47
ok,Chings Green Chilli Sauce 90G,chings-green-chilli-sauce-90g.jpg,Salt & Condiments,0.5,,Meal time GREEN CHIILI SAUCE
ok,Winkies Cake 30rs,winkies-cake-30rs.jpg,Bakery & Snacks,0.5,,"winkies WithRaisin&Tur FORI PROPRIETARYFOODCAKE7.2.1 259 NETWEIGHT: MRP: A54N5155420,INS412),RAISINGAGENT[BAKINGPOWDERANDINS500()] (INCLOFALLTAXES）（#Pe ARIFCALFAIORANILLA),DIBLECOMMONSALTPEERVAIVES（INS282INS200 NS2WACIDITREGULATOR（INS260).EMULSIFIER（INS471)STABILIZER（INS412AND LOT NO.. NS41NATURE-DE"
ok,Engage On Man Pocket Perfume,engage-on-man-pocket-perfume.jpg,Personal Care,0.5,,ENCAGE ENGAGE MAN NGAGE ORIGINAL POCKETPERFUME
ok,Exo Bar-30rs,exo-bar-30rs.jpg,Household,0.5,,"CRICKET PROTEIN BAR 14g PROTEIN PEANUT BUTTER GLUTEN & DAIRY FREE CHOCOLATECHIP 12X1.80Z（50g)BARS,NETWT21.60Z（600g）"
ok,Winkies Cake 60rs,winkies-cake-60rs.jpg,Bakery & Snacks,0.5,,"winkies WithRaisin&Tur FORI PROPRIETARYFOODCAKE7.2.1 259 NETWEIGHT: MRP: A54N5155420,INS412),RAISINGAGENT[BAKINGPOWDERANDINS500()] (INCLOFALLTAXES）（#Pe ARIFCALFAIORANILLA),DIBLECOMMONSALTPEERVAIVES（INS282INS200 NS2WACIDITREGULATOR（INS260).EMULSIFIER（INS471)STABILIZER（INS412AND LOT NO.. NS41NATURE-DE"
ok,Chings Red Chilli Sauce 90G,chings-red-chilli-sauce-90g.jpg,Salt & Condiments,0.5,,清密 dhing's SECRET Red Chiili Sauce SAUCEAU ROUGE 5802170ml Desi Chinesd
ok,Chik Egg 80ml,chik-egg-80ml.jpg,Vegetables & Fruits,0.5,,Below CHIK IIPROTEIN SOLUTIONS Hairfall Prevent Shampoo EggWhite Protein For Thick and Healthy Hair
ok,Chings Red Chilli Sauce 200g,chings-red-chilli-sauce-200g.jpg,Salt & Condiments,0.5,,清密 dhing's SECRET Red Chiili Sauce SAUCEAU ROUGE 5802170ml Desi Chinesd
ok,Mtr Sambar 100 G,mtr-sambar-100-g.jpg,Spices & Masalas,0.5,,Sambar Powder Meal Time ORINAL South Indian way. 200g
ok,Fair And Handsome 60 G,fair-and-handsome-60-g.jpg,Personal Care,0.5,,emami FAIRAND HANDSOME ADVANCED WHITENING REFRESHING FACEWASH ACTIFAIRPEPTIDE WEEKS VISIBLYLIGHTERGHYDRATED SKIN FOR NORMALTODRY SKIN
ok,Doms Pencil-70,doms-pencil-70.jpg,Toys & Stationery,0.5,,DOMS EVERYAMBITIONNEEDS PREPARATION DRAWING PENCILS Hi-Precision for Sketching TELEPHONE SKETCH TOOL HB2B4B6B8B10B ONEERASER INSIDETHISPACK
ok,Hald Corn Flake Mixture,hald-corn-flake-mixture.jpg,Bakery & Snacks,0.5,,INDIAN SNACKS/COLLATIONS NDIENNES CORNFLAKESMIXTUR Corn Flakes Mixture/Flocons de mais Melange batos Sa euxMela
ok,Happy Green Chilli Sauce.,happy-green-chilli-sauce.jpg,Salt & Condiments,0.5,,Meal time GREEN CHIILI SAUCE
ok,Smith&Jones Gin Gar Paste200G,smith-jones-gin-gar-paste200g.jpg,Spices & Masalas,0.6,,INDIA'SNO.1* COOKING PASTE SMITH&JONES VeryVeryTasty! Ginger Garlic THICK Paste COARSE KHUSHBUDAR
ok,Dds Dry Yeast100G,dds-dry-yeast100g.jpg,Bakery & Snacks,0.67,,food Active Instant Dry Yeast MRP. TK. :150 MfgDate:18-05-2024 Exp.Date:365days from Mfg Weight :-100g
ok,Corn Puffs Masala,corn-puffs-masala.jpg,Bakery & Snacks,0.67,,CORN PUFF BALLS Masala Chatpata FLAVOUR NAMKEEN
ok,Unibic Oats Diges 10Rs,unibic-oats-diges-10rs.jpg,Bakery & Snacks,0.67,,SUPER Oats Digestive UNIBIC SAVER 1kg 20 BICALICIOUS!YEARS Maida 30% DAILY FIBRE MADEWITH AUSTRALIANOATS Creative Visualization Cookies
ok,Idhayam Gin Oil 500 Ml(S),idhayam-gin-oil-500-ml-s.jpg,Cooking Oils,0.67,,IDHAYAM GINGELLY OIL mem
ok,Maharaja G Nut Oil 500G Pouch,maharaja-g-nut-oil-500g-pouch.jpg,Cooking Oils,0.67,,GOLD maharaja AGMARK COLD PRESSED GROUNDNUT OIL 5e
ok,Grb Ghee 50Jar,grb-ghee-50jar.png,Dairy & Fats,0.67,,CerletCosp GRB UDHAYAM GHEE 500mk
ok,Lotte Choco Pie12Packs,lotte-choco-pie12packs.jpg,Chocolates & Candies,0.67,,ORIGINAL QLOTTE Happy Maments Lotte Choco Pie withRichMarshmallow PremiumQuality INDIA'S *No. 100%VEGETARIAN CHOCOPIE X12
ok,Mr.Gold Gn Oil 1Lt,mr-gold-gn-oil-1lt.jpg,Cooking Oils,0.67,,AGMARK GROUNDNUTOIL GRADE-1 Mr.GOLD GROUNDNUT OIL Theoilfortaste 100%
ok,Lion Kimjo Dates500G,lion-kimjo-dates500g.jpg,Dry Fruits & Nuts,0.67,,RICHN LION FIBERS NGKFBER Dates RICH Makes your day complete ZERO 10%natural.dates. brtlorttatng
ok,Aer Pocket Tangy,aer-pocket-tangy.jpg,Household,0.67,,power aer 30 JPTO pocket DAYS germ protection long-lasting bathroom fragrance tangyedelight
ok,Ban Lip Balm,ban-lip-balm.jpg,Personal Care,0.67,,100%NATURE 30 AZEN Pack 100%Natunud LIPBALM MOISTURIZING 10 flavors AND SOOTHING NETWT:0.17 oz/each SAFETY SAFETY SAFETY SAFETY SAFETY SAFETY SAFETY SAFETY SAFETY SAFETY SEAL SEAL SEAL SEAL SEAL SEAL SEAL SEAL SEAL NEW.0.1702/4.8 NEW.0.1702/4.89 SAFETY NEW.0.17O7/4. NETWT.0.17.01/4.80 NETW.0.17.02/4
ok,Puff Rice Round,puff-rice-round.jpg,Bakery & Snacks,0.67,,FREE GIFTINSIDE SFP Rice Puff Masala ±5/- oey
ok,Vasavi Banana Chips,vasavi-banana-chips.jpg,Bakery & Snacks,0.67,,Viswas Banana Chips Bananenchips IChips di banana
ok,Milk Beda Spl Sr Arasan,milk-beda-spl-sr-arasan.jpg,Dairy & Fats,0.67,,Milk Beda
ok,Lotte Caramilk Stick,lotte-caramilk-stick.jpg,Chocolates & Candies,0.67,,JESTIIORETINONTASFEON XANEACTUR LOTTE Caramilk
ok,Unibic Orange Splash10,unibic-orange-splash10.png,Bakery & Snacks,0.67,,SUPE SAWER PLCKR UNIBIC splash
ok,Grb Soan Cake100G,grb-soan-cake100g.jpg,Bakery & Snacks,0.67,,GRB Cake Coan Maathwsbering classic stasy
ok,Dds Orid Dhall 1 Kg,dds-orid-dhall-1-kg.jpg,Pulses & Grains,0.67,,JDS Orid Dhall C NENNUMERA
ok,Him Fairness Cream25G,him-fairness-cream25g.jpg,Personal Care,0.67,,Him Herbal FAIRNESS CREAM HimHerbal for FAIRNESSCREAM MEN MEN COMPLETEFAIRNESSSOLUTO FORMALESKIN OLFRE LOY COMPLETEFAIRNESSSOLUTION FORMALESKIN OILFREELOOK DARKSPOTREDUCTION VISIBLEFAIRSKIN
ok,Dds Corn Flour 500G,dds-corn-flour-500g.png,Rice & Cereals,0.67,,401- -50c9m 06125 SEP Corn Flour 271000151 R.R.BUSINESS
ok,Natchiyar Peanut Candy,natchiyar-peanut-candy.jpg,Sweeteners,0.67,,Nutsara PEANUT CANDY BAR
ok,Power Bath Sandal,power-bath-sandal.jpg,Personal Care,0.67,,BUY5 GET1 FREE Nature (5Nx100g) POWER +1N x100gFree TEM BeautySoap Sandal
ok,Dds Varagu Rice500G,dds-varagu-rice500g.png,Rice & Cereals,0.67,,10% VARAGU RICE Adds Strength to Nervous System 2L60 6T60)L60)w G60ms(bD Jby DotLssnS 6lgyl GsSLD. 100% Natural
ok,Indiagate Basmathi Super,indiagate-basmathi-super.jpg,Rice & Cereals,0.67,,KRBLimited &BASMATIRICEEXPORTER INDIA GATE BASMATI RICE Super net weight 1 kg
ok,Flair Correction Pen,flair-correction-pen.jpg,Toys & Stationery,0.67,,Correctio Pen/cp250 We take care of your errors
ok,Power Bath Herbal,power-bath-herbal.jpg,Personal Care,0.67,,Ayurvedic Herbal Bath Powder
ok,Savlon Handwash 200Ml Pump,savlon-handwash-200ml-pump.jpg,Personal Care,0.67,,Savlon DEEP CLEAN GERMPROTECTION HANDWASH MILLION
ok,Kan Pooja Powder,kan-pooja-powder.jpg,Pooja & Religious,0.67,,For Pooja Purpose ShivCan Suganda Poojan Powder Super Quaeity
ok,Mysore Sandal Dhoop,mysore-sandal-dhoop.jpg,Pooja & Religious,0.67,,MysoreSandal Dhoop Prog naturaland traditional inrense sandal
ok,Luxor Pre Notebook,luxor-pre-notebook.jpg,Toys & Stationery,0.67,,"CONVERGE WORK.THESMARTERWAY. PREMIUM NOTEBOOKSERIES SUBJECT NOTEBOOK INDIA'SFINESTULTRAWHITEPAPER DURABLEWATERPROOFPOLYCOVER MICROPERFORATEDSHEETSFOREASYTEAR-OFF INTERNATIONALQUALITY7OGSMPAPER PENHOLDERON BACKCOVER SNAGFREETWINWIRO BINDING strictGoutamBudhNigaUarPredeshiad nsion,Noida-201305 ermants"
ok,Dds Green Gram 500 G,dds-green-gram-500-g.png,Pulses & Grains,0.67,,ar Gold GREEN GRAM Litahuum! 2500g
ok,Annai Dosa Mix800G,annai-dosa-mix800g.jpg,Ready to Cook,0.67,,DOSA MIX
ok,Dds Bullet Raw1Kg,dds-bullet-raw1kg.jpg,Rice & Cereals,0.67,,ZOWFOODS COW FOODS BULLET RAW PREMIUMRICE BULLET RAW 25kg PRODUCTOFINDIA
ok,Kr Bajra Flour 500G(Kambu),kr-bajra-flour-500g-kambu.png,Rice & Cereals,0.67,,BAJRA FLOUR Taste in Tradition
ok,Vayal Snana Powder100G,vayal-snana-powder100g.png,Personal Care,0.67,,"Idcau forlethargyisrefrestingadlom KP Composition %ST9 4.tmpsskinlastiy&eCel 6.25% 6.25% 6.25% 6.25% padikk 6.25% 6.25% KAVIRAJ 6.25% 6.25% 6.25% 6.25% SNANA POWDER 6.25% 6.25% 6.25% 6.25% 6.25% Mfg, By. MigLic.No:746/17 Kavinaj Pharmaucntcs 190,Kn D T inlesiguiQunyig Eode-638115.TNak ForCoeplin：990"
ok,Navi Gram Flour 500G,navi-gram-flour-500g.jpg,Pulses & Grains,0.67,,Pack 100% Guaranteed Quality 5o0g Gram Flour
ok,Aro Red Rice 500G,aro-red-rice-500g.jpg,Rice & Cereals,0.67,,PRO NATURE 100%ORGANIC No GMO used in production ORGANIC Red Beaten Rice (Red Poha 500 g MO PRO NATURE 100%ORGANIC
ok,Dds White Til 100 G,dds-white-til-100-g.jpg,Spices & Masalas,0.67,,DDS Spic Preanium WHITE PEPER POWDER 100%Pure THENATURALTASTEOFINDIA
ok,Meera Shi&Badam 2X16,meera-shi-badam-2x16.jpg,Personal Care,0.67,,meera INSPIRED BY TRADITION HAIRFALL CARE SHAMPOO LOCK with SHIKAKAI&BADAM
ok,Pears Pure&Gen100G,pears-pure-gen100g.webp,Personal Care,0.67,,Pears Pure and Gentle 98% Pure Glycerin & Natural Oils Look Young Stay Young ea S.fr
ok,Delmonte Tom Ketchup450G,delmonte-tom-ketchup450g.jpg,Salt & Condiments,0.67,,Delmonte Ouality TOMATO KETCHUP CLASSICBLEND
ok,Sac Flora Bathi 55Rs,sac-flora-bathi-55rs.jpg,Pooja & Religious,0.67,,Sai Baba Flora Bathi
ok,Dds Gundu Chilli-250G,dds-gundu-chilli-250g.jpg,Spices & Masalas,0.67,,"Organic One 250gms MRKEIN INOIR GUNDU CHILLI (DryBoriyaRedChilli Whole) Repacked&Marketedby NetWeight250g SHAMITHTRADERS Packedon:JAN2025 #347.7thMain,ITi LayoutMallathall Max.Retail Price:500.00 Bangalore-560056. CustomerCare:+917892972060 BESTBEFORENINEMONTHSFROMPACKAGING E-maill:shamithtraders7@g"
ok,Meera Powder 10X3.5,meera-powder-10x3-5.jpg,Personal Care,0.67,,READY TOMIX meera INSPIRED BY TRADITION HERBAL HAIRWASH POWDER with 7NATURAL HERBS
ok,Dds Raw Rice 1Kg,dds-raw-rice-1kg.jpg,Rice & Cereals,0.67,,RED RAW RICE Red Paw Reis RisoRed RawiRedRavRis 1kg
ok,Vim Floor Cleaner 1.8l,vim-floor-cleaner-1-8l.jpg,Household,0.67,,ULTRAPrO FLOOR CLEANER REMOVALOF 100% TOUGH STAINSA Gem Spa-llke Removalt Fragrance FrenchLavender withSage
ok,Maggi Atta Noodles 30rs,maggi-atta-noodles-30rs.jpg,Pasta & Noodles,0.67,,masala VEG ATTA neodles TRULY GOOD Withthedeliciousness of20spices&herbs your Favourite MAGe noodles is alsoa source o ProteinFiben Iron!
ok,Vim Floor Cleaner 500ml,vim-floor-cleaner-500ml.jpg,Household,0.67,,ULTRAPrO FLOOR CLEANER REMOVALOF 100% TOUGH STAINSA Gem Spa-llke Removalt Fragrance FrenchLavender withSage
ok,Top Ramen Curry 280 G,top-ramen-curry-280-g.jpg,Pasta & Noodles,0.67,,IN TOP RAMEN burry GENSONINGMIXINSIDE JONTENYS
ok,Chings Chilli Vinegar,chings-chilli-vinegar.jpg,Salt & Condiments,0.67,,CAPTAL Ching's SECRET Chilli Vinegar Synthetic (Prepart acetica esi Inese
ok,Harima Cooker Cake Mix 250g,harima-cooker-cake-mix-250g.jpg,Bakery & Snacks,0.75,,Cooker Cake Vanilla Mix Flavour 35MINS Serving Suggestion MAKES6 CAKE SLICES INCOOKER
ok,Knorr Thick Tomato Soup,knorr-thick-tomato-soup.jpg,Vegetables & Fruits,0.75,,FREE Kmo Crunchy Thick Tomato Soup Croutons with 100% Real Vegetables Noadded Preservatives portion 525g) GDA Serves4
ok,Brit Pure Magic 40,brit-pure-magic-40.jpg,Bakery & Snacks,1.0,,BRITANNIA BISCUIT Pure Puro Pure Nagic Magie Magic CHOCO TARTS RICH CHOCO FILLED COOKIE TART
ok,Par Hide&Seek Ch,par-hide-seek-ch.jpg,Bakery & Snacks,1.0,,PARLE MADEWITHTHEWORLDS fnesoChocolates HIDE WORLD'SBESTMOULDED Chocolate ChipCookies
ok,Puff Rice 250G,puff-rice-250g.jpg,Bakery & Snacks,1.0,,FREE GIFTINSIDE SFP Rice Puff Masala ±5/- oey
ok,Sunfeast Dark F Ch Cr30,sunfeast-dark-f-ch-cr30.jpg,Bakery & Snacks,1.0,,Dark 22 ROLLS INSIDE unfeast Fantasy Dark Fantasy Choco Rolls Choco Rolls RICH CREME FILLED withChocolatenotes WAFERBISCUITS
ok,Appy Fizz 20Rs,appy-fizz-20rs.jpg,Beverages,1.0,,FIZZ appy
ok,Munch -5,munch-5.jpg,Chocolates & Candies,1.0,,17 CRUNCHY TREATS Nestle munch BITES Coated wafer Creative Visualization
ok,Max Protein 80,max-protein-80.png,Health & Wellness,1.0,,MAX PROTEIN. TOSARPEOTEEGOSLAC MAX PROTEIN. RROSBIN
ok,Kiwi Express Neutral,kiwi-express-neutral.jpg,Household,1.0,,KIWI 100% 50% EXPRESS Instant Shine Sponge Eponge Autolustrante NEUTRAL NEUTRE
ok,Maggi Pazzta Tamato Twist,maggi-pazzta-tamato-twist.jpg,Pasta & Noodles,1.0,,"PALLTA Maggi CHEESY TOMATOTWIST TRULY GOOD TASTEMAKERINSIDE ItalianStyle Pasta"" Madewith Quality IngRedients 100"".Suji/Rawa"""" sereis 1pack"
ok,Dove Shampoo Dan2X16,dove-shampoo-dan2x16.jpg,Personal Care,1.0,,Dove NUTRUIWE Dove Dove Dove Dove Oxyend Nouretment NOURITONE SHAMPOC Hai HAIRO Power HarFol Straight Rescue+ &. Silky Intense SHAMPOO SHAMPOO Ropai SHAMPOO Nourishing On Care SHAVPOO
ok,Brit Croissant Creme Roll,brit-croissant-creme-roll.jpg,Bakery & Snacks,1.0,,BRITANNIA Treat CROISSANT VANILLA CREME CROISSANT 45g
ok,Brit Marie Gold 20Rs,brit-marie-gold-20rs.jpg,Bakery & Snacks,1.0,,marieGoLD BRITANNIA BRITANNIA BRITANNIA marie GOLD Tero froeto
ok,Hide & Seek Choco Rolls,hide-seek-choco-rolls.jpg,Bakery & Snacks,1.0,,&SEEK TM PARLE HIDE PLATINA CHOCOROLLS BISCUITS
ok,Kur Kure 10Rs,kur-kure-10rs.jpg,Bakery & Snacks,1.0,,WITH GINGELLY OIL Kurkure MASALA MUNCH PerServe (30g) Energy 166kcal NAMKEEN ofAdult'sGDAt
ok,Dairy Milk 10Rs,dairy-milk-10rs.jpg,Chocolates & Candies,1.0,,"10%Extra Dadbury Dairy Milk, PerPack Calories 4% CHOCOLATEGDA"
ok,Milky Bar Choo-5,milky-bar-choo-5.jpg,Chocolates & Candies,1.0,,fiavour Milky Miikybar Mikybar
ok,Munch 10Rs,munch-10rs.jpg,Chocolates & Candies,1.0,,munch Nestie NUTS munch Nestie NUTS
ok,Grb Ghee 10Rs,grb-ghee-10rs.jpg,Dairy & Fats,1.0,,AROMA RETENTION PACK AGMARKGHEE GRB hmod go uhg GHEE NUTRITIONALINFORMATION(ABIO Senmgsepackage:13 Sening sze:14g Net Quantty: ：200ml
ok,Milk Maid190G Pouch,milk-maid190g-pouch.jpg,Dairy & Fats,1.0,,Easy Pour Pack Nestle. Milkmaid mini 100-recipes@milkmaid.in
ok,Jun Horlicks Van200G,jun-horlicks-van200g.jpg,Health & Wellness,1.0,,Horlicks DRA ACTIVEBRAIN HEIGHTGAIN WANLLA
ok,Ariel Liq 10Rs,ariel-liq-10rs.jpg,Household,1.0,,1WASHSACHET 10/- ARIEL MATIC FRONTLOAD LIQUID DETERGENT
ok,Dazzl 500Ml,dazzl-500ml.jpg,Household,1.0,,DAZZL Anti-bacterial GLASSe 411 KRLS9.08GCRMS eakdiecshine Kiosdistsuaylonge Cutshrcaghaintogroae
ok,Harpic 500 Ml,harpic-500-ml.png,Household,1.0,,HARPIC KILLS %6666 OFGERMS POWERPLUS 10X ADVANCED SMINSACTION ORIGINAL FRESH 500 ml
ok,Chik Th&Gl Black100Ml,chik-th-gl-black100ml.jpg,Personal Care,1.0,,50%EXTRA CHIK Protein Therapy SHAMPOO Strong&Black 2XStronger black tea a Black Shine flax seeds
ok,Dabur Gulabari 400Ml,dabur-gulabari-400ml.jpg,Personal Care,1.0,,GULABARIROSEWATER (PACKOF1) Dabur Gulabari PREMIUM Royellaper ALLSKIN 400 ml
ok,Goodday Cashew 5Rs,goodday-cashew-5rs.jpg,Bakery & Snacks,1.0,,BRITANNIA Good Day CASHEW COOKIES PelSgient 52.5 CashewCookies
ok,Exo Round 20Rs,exo-round-20rs.jpg,Household,1.0,,ANTI-BACTERIAL EXO ROUND GINGER TWIST Power of CYCLOZAN FREE* PUSHSEAL R10/- DOWN TO OPEN
ok,Harpic Drain Xpert50G,harpic-drain-xpert50g.jpg,Household,1.0,,PACKOF 12 NEW HARPIC DRAIN XPERT POWDER 30 CLEARSDRAINPIPES* MELTSHAIR&GREASE INUTES
ok,Cello Vigo 500,cello-vigo-500.jpg,Kitchen Accessories,1.0,,cello Vigo
ok,Maggi 20Rs,maggi-20rs.jpg,Pasta & Noodles,1.0,,EXPORT PACK Maggi Authentic Indian Noodles masala* SIMPLY GOOD *SPICEMIXPACKETISIDE Madewithquaityspices PER1PACKAGE NETWT2.46OZ(70g)
ok,Brit Jimjam 10Rs,brit-jimjam-10rs.png,Bakery & Snacks,1.0,,JIMIAM Jim Jam 57
ok,Brit Nice Time 10Rs,brit-nice-time-10rs.png,Bakery & Snacks,1.0,,BRITANNIA
ok,Parle-G 5Rs,parle-g-5rs.jpg,Bakery & Snacks,1.0,,Parle- PARLE Parle Parle-G GOLD Parle GforGenlkus PARLE PARLE Parle-G Parle-G GOLD Criginaf G BISOUITS Parle-GoD
ok,Appy 10Rs,appy-10rs.png,Beverages,1.0,,Apple Juice Drink APPY
ok,Lotte Choco Pie Rs 10,lotte-choco-pie-rs-10.webp,Chocolates & Candies,1.0,,"ORIGINAL OLOTTE Lotte gether Forever Choco Pie withRichMarshmallow Premium Quality INDIA'S, No. CHOCOPIE No Preservatives NoArtificial Colours X18"
ok,Hatsun Buttermilk,hatsun-buttermilk.jpg,Dairy & Fats,1.0,,HATSUN Jeera Buttermilk Refreshingly Creamy Ner Qunts 140ml
ok,Hit Red 200Ml,hit-red-200ml.jpg,Household,1.0,,200 ml NEW HIT Cockroach Red HIT MORE POWER KILLS HIDDEN COCKROACHES
ok,Yippee Magic Masala 140G,yippee-magic-masala-140g.jpg,Pasta & Noodles,1.0,,"Sunfeast Eight inOnepack Yilfee aGic noodles asala SOURCEOF CALCIUM PROTEIN IRON' VITAMIN C"" FOLICACIDI ServingSuggestion stantNoodles (Fied) east"
ok,Col Zig-Zag Brush,col-zig-zag-brush.jpg,Personal Care,1.0,,ZIGZAG+ ANTI-BACTERIAL Colgate
ok,Brit Little Hearts-10Rs,brit-little-hearts-10rs.jpg,Bakery & Snacks,1.0,,BAG.OF HEARIS ART NAUGHTY HEARTS #BAGDFHEARIS LITTLE HEARTS YOUTME AND OVE BRITANNIA HEROTS LiTTLE LETS AKIS LITTLE HEARTS ICHUPL HELLOT CLASSIC LITLE EVERYW LTTLE HEARIS JEARTS HEARTS EVERTWHERE LETS CA BIG LITTLE H 1OU+ME BAG CEMEAKTS AND OUR LITTLE HEAKES NAGHTI FHEAS L-0-V-E LITTLE HEAI LITTLEHE
ok,Brit Milk Bikis-15,brit-milk-bikis-15.jpg,Bakery & Snacks,1.0,,BISCUITS BRITANNIA 5PACKSFOR AppaxBisu Per13g serve
ok,Brit Nc Digestive Offer,brit-nc-digestive-offer.jpg,Bakery & Snacks,1.0,,BRITANNIA Digestive
ok,Jj Snacks 60,jj-snacks-60.jpg,Bakery & Snacks,1.0,,SRIOCHANDAMMAN Snacks 25 avajothi Brothers
ok,Par Happy Cookies 5Rs,par-happy-cookies-5rs.png,Bakery & Snacks,1.0,,PARLE Happy Choco Chip 31.5 Cookies
ok,Bru Cold Coffee180Ml,bru-cold-coffee180ml.jpg,Beverages,1.0,,BRU BRU BRU BRU Cold Cold Cold Cold Coffee Coffee Coffee Coffee Classic Classic Classic Classic FLAVOURED MILK FLAVOUREDMILK FLAVOURED MILK FLAVOUREDMILK
ok,Milky Bar 40Rs,milky-bar-40rs.jpg,Chocolates & Candies,1.0,,fiavour Milky Miikybar Mikybar
ok,Gold Winner R.G.N Oil 850G,gold-winner-r-g-n-oil-850g.jpg,Cooking Oils,1.0,,"Gotd dwinner Refined Sunflower Oil VITAD3+ Idieonlyedidleail fartifiedith Vegen VitaminD3 Contains Omega 6 VitaminE Vitamins Fortified with AD2&D3 TAOU alyad 0253 Gold Winner anPinateLimled F5SALLCNo.10012040000 ForMlots NnS.Ro (GNe-,Monboliom ood,Venyohen 20100210E10015 Coemmei-500126,TaniNod F5SAI"
ok,Rin Refresh 1 Kg,rin-refresh-1-kg.jpg,Household,1.0,,Detergent Powder Refresh Rin REFRESH kg
ok,Scotch Brite Silver Sparks 49,scotch-brite-silver-sparks-49.jpg,Household,1.0,,3PADS Silver Scotch- Sparks Brite Superior Cleaning Power 3M
ok,Surf Xl 500 G (S),surf-xl-500-g-s.jpg,Household,1.0,,Surf excel withALOEVERA
ok,Maggi Spicy Green Chilli25,maggi-spicy-green-chilli25.jpg,Pasta & Noodles,1.0,,Sylek! Maggi MEALZ SPICVCHILLi Mi GORENG 94g
ok,Engage 45 Ml,engage-45-ml.jpg,Personal Care,1.0,,MAN WOMAN ENgAgE PERFUME SPRAY W2 ENGAGE 24hrs MATE bodylicious deo spray AqualityproductfromITCLtd
ok,Brit Cake 5,brit-cake-5.jpg,Bakery & Snacks,1.0,,BRITANNIA Biscuit portfolio Vita JIMIAM marie GOLD nutr CHOIOP cracker DEUCE Good Day ChunKies marie HEARDS Checlaite GOLD Oats bourcon
ok,Brit Jim Jam Pops20,brit-jim-jam-pops20.jpg,Bakery & Snacks,1.0,,BASCUITS BRITANNIA JIMIAM JIMJAM POPS crunchy open cookie with vanilla creme&jammy center Energy 70kcal Perapprox.14gserve (Approx.2Biscuits) kuoasodinduogensnilo alesabeul 350
ok,Parle-G-10Rs,parle-g-10rs.jpg,Bakery & Snacks,1.0,,80g PARLE Parle-G Original Gluco Biscuits PARLE
ok,Sunfeast Fantastik 5,sunfeast-fantastik-5.jpg,Bakery & Snacks,1.0,,Sunfeast Enduring Valuc Fantastik! 22 Mini Treats WAFERBISCUITS
ok,Unibic Cashew Al 10Rs,unibic-cashew-al-10rs.jpg,Bakery & Snacks,1.0,,FiNGER UNIBIC COOKiES CASHEW Cookies Handcrafed SIGNATURECOLLECTION CreativeVisualization
ok,Dairy Milk Silk Bubbly46G,dairy-milk-silk-bubbly46g.jpg,Chocolates & Candies,1.0,,"SCAN'ME Oabury DairyMilk, SILK Bubbly CHOCOLATE Per 20gServe Calorie 109 5% OIRDAA"
ok,Pitambari Rooperi,pitambari-rooperi.jpg,Household,1.0,,Pitambari Rooperi Instant Contact Silver Shine GIC
ok,Surf Xl Mat Liq Fl 1L Refill,surf-xl-mat-liq-fl-1l-refill.jpg,Household,1.0,,NEW FORMULA REMOVES TOUGH 20 STAINS EVEN IN MINUTES CYCLE Surf exce MATIC FRONT LOAD
ok,Dabur Amla 275Ml,dabur-amla-275ml.jpg,Personal Care,1.0,,NEWPACK Dabur Amla Hatr
ok,Brit Milk Bikis 30,brit-milk-bikis-30.jpg,Bakery & Snacks,1.0,,BISCUITS BRITANNIA 5PACKSFOR AppaxBisu Per13g serve
ok,Sunfeast Hifi Cas But Co-5Rs,sunfeast-hifi-cas-but-co-5rs.jpg,Bakery & Snacks,1.0,,16%EXTRA Cashew Cookies BISCUITS unfeast Sunfeast Sunfeast HiFi HiFi
ok,Dairy Milk Fruit & Nut80G,dairy-milk-fruit-nut80g.jpg,Chocolates & Candies,1.0,,"Fruit and Nut FRUTE Dairy Mik, 80 gm"
ok,Sundrop Blue 800Ml,sundrop-blue-800ml.jpg,Cooking Oils,1.0,,REFINEOSUINR REFINEDS NCAEDENSMIN Sundrop Sundrop SupertiteAdvanced SupetiteAdvanceo Getup Save Rs. Manufactur ckedfor:AgroTechFoodsLid Sundrop
ok,Surf Xl Bar 10Rs,surf-xl-bar-10rs.webp,Household,1.0,,10gFREE Stain eraser Surf excel
ok,Surf Xl Bar-150G,surf-xl-bar-150g.jpg,Household,1.0,,Stain Surf eraser Detergent Bar 150
ok,Mtr Roasted Semia 170G,mtr-roasted-semia-170g.jpg,Pasta & Noodles,1.0,,"New&Improved* MTR Roasted Vermicelli Any Time Use MTRRoasted Vermicelli to preparedelicious vegetablepulao, upma and creamykheer. Net Quantitye 400g otein Maine illustration"
ok,Nissin Korean 80G,nissin-korean-80g.jpg,Pasta & Noodles,1.0,,NISSIN Cedicicus Spiciss Korean Veg Geki Taate HOT& SPICY KUREANVERR
ok,Col Visible White Pur 120G,col-visible-white-pur-120g.jpg,Personal Care,1.0,,"Colgate Anticavity FluorideToothpaste VISIBLE WHITE. PURPLE Color-Corrects Yellow TonesOn1stUsen Removes Surface Stains ENAMELSAFE"" 100g+20g"
ok,Dabur Red T Paste 200 G,dabur-red-t-paste-200-g.jpg,Personal Care,1.0,,Dabur RED PASTEfer eeasCes abur RED Dabur PASTElar TeeehSGems
ok,Kur Kure 20Rs,kur-kure-20rs.jpg,Bakery & Snacks,1.0,,"Made With Dal, Corn&Rice Kurkure NAUGHTY TOMATO OfAdut'sGDAT NAMKEEN"
ok,Nabati Wafer-20,nabati-wafer-20.jpg,Bakery & Snacks,1.0,,6x5 Janduichi nabati WAFER Richoco nabati nabati NO.1 WAFER Cocopuf Chocolate
ok,Par Hide&Seek Almonds30Rs,par-hide-seek-almonds30rs.jpg,Bakery & Snacks,1.0,,PARLE MADEWITHTHEWORLD'S AHIDE SEEK PLAZ WORLD'S BEST MOULDED 20gEXTRA Choolate Chip Cohies
ok,Parle-G 100Rs,parle-g-100rs.jpg,Bakery & Snacks,1.0,,Gfor Genius PARLE Parle-G Original Gluco Biscuits PARLE
ok,Cheeta Fight,cheeta-fight.jpg,Chocolates & Candies,1.0,,CHEETA CH FIGHT FIGHT SAFETYMATCHES SAFETYMATCHES 2VEELAWVICHE
ok,Munch 5- Box,munch-5-box.png,Chocolates & Candies,1.0,,muinch Neste what'sNEW munch CRUNCHIKIOUS What'sNEV munch CRUNCHERGOUSN
ok,Ural,ural.png,Health & Wellness,1.0,,Abbott Ural URINARYTRACT HEALTH PleasantlyFlavoredAlkalinizer Relieves prickling and burning sensation Reduces uricacid level LemonFlavour Effervescent Granules 28X4GSACHETS
ok,Close Up Whitening 100G,close-up-whitening-100g.jpg,Personal Care,1.0,,WHITE WHITE NOW NOW WHITE NOW TRANG BAT TONG3X' VOI TINH THEBLUESAPPHIRE TRANG BATTONG3X VOI TINR THE BLUESAPPHIRE closeup closeup BUELGAT nghe cong BLUELIGHT
ok,Brit Cake Fruit30Rs,brit-cake-fruit30rs.jpg,Bakery & Snacks,1.0,,KE BRITANNIA Goboles fruit cake gateau aux fruits Net Weight/ Poids
ok,Brit Nc Digestive50Rs,brit-nc-digestive50rs.png,Bakery & Snacks,1.0,,C20 BRTANNIA EXTRA nutri choire
ok,Goodday Cashew 10Rs,goodday-cashew-10rs.jpg,Bakery & Snacks,1.0,,TM LIGHTF BRITANNIA YEARS Good CASHEW COOKIES Day ZEROTrans Fat
ok,Nabati Wafer-5,nabati-wafer-5.webp,Bakery & Snacks,1.0,,1PCS nabati 1PCS WAFER Pinklava nabati 1PCS WAFER nabati WHITE 1PCS WAFER Richeese nabati 1 PCS Vitakrin nabati VITAMINC MENGANDUNG WAFER Richoco
ok,Nippat 24 30Rs,nippat-24-30rs.jpg,Bakery & Snacks,1.0,,"Modern kitchens NIPPAT NO ARTIFICIAL LFLAVORS PRESERVATIVE Fresh,crispyTasty"
ok,Saffola Honey 50G,saffola-honey-50g.jpg,Health & Wellness,1.0,,Saffola Honery CNO ADDED SUGAK 100%PURE
ok,Lock,lock.jpg,Household,1.0,,LOCK www.locknlock.com 1L/1.0QT/33OZ Dishwasher safe
ok,Mugi Spotless Blue,mugi-spotless-blue.jpg,Household,1.0,,99996 KUS GERMS Mugi SPOTLESS SafeandPowerClean BLUE 10X POWERFUL CLEANING KLLSCIRMSANDDEOOORITES TOILETCLEANER LEMON
ok,Sapna 6X6,sapna-6x6.jpg,Household,1.0,,SAPNATS BOX AS09 100gm Sapna UHANA SOADKESARCHANDAN ALOEV BHANA Sapna Sapna ANA ALMONDOIL SONP KESAR CHANDAN na UTAM Soap ROSE apna SORPALOEVERA Soap MOGRA
ok,Maggi 30Rs,maggi-30rs.jpg,Pasta & Noodles,1.0,,PACK OF 96 Maggi TASTEMAKERSACHETINSID TRULY GOOD Made withchoicest qudityspkes withGoodness of IRON Ifaserveis70g Find out more 13% 30% Masala* %ofGuidelineDailyAmountsofan averageadut [200kcal] InstantNoodleswithSeasoning*
ok,E18 Eye Drama,e18-eye-drama.jpg,Personal Care,1.0,,ELLE ELLE ELLE ELLE 18 ELLE 18 ELLE 18 EYEDRAMA 18 18 BOLD BLACK BOLD BLACK EYE EYE DRAMA DRAMA BOLDBLACK BOLDBLACK YE DRAMA LASTS ALL DAY LASTSALLDAY SMUDGEPROOF SMUDGE PROOF WATER PROOF WATER PROOF
ok,Brit Marie Gold-5,brit-marie-gold-5.jpg,Bakery & Snacks,1.0,,PACKS INSIDE BRITANNIA marie GOLD BRIA SUGGESTEDSERVING NETW./POIDSNET:600g(21.2Z)
ok,Brit Milk Bik 10Rs,brit-milk-bik-10rs.jpg,Bakery & Snacks,1.0,,BRITANNIA Milk Bikis BISCUITS
ok,Brit Milk Rusk63G,brit-milk-rusk63g.jpg,Bakery & Snacks,1.0,,far thepeufice BRITANNIA MilkRusks ighe otp lt delou
ok,Brit Nc Cracker-10Rs,brit-nc-cracker-10rs.jpg,Bakery & Snacks,1.0,,cracker BRITANNIA nutri NEW choice nutr SUGAR FREE cracker
ok,Brit Thin Arrowroot,brit-thin-arrowroot.webp,Bakery & Snacks,1.0,,HAPPY arrow BRITANNA nutri choice THIN arrowroot ZEROTRANS FAT
ok,Hide & Seek Coffe 30,hide-seek-coffe-30.jpg,Bakery & Snacks,1.0,,PARLE MADEWITHTHEWORLD'S inest Choolates PLATINA HIDE WORLDS BESTMOULDEDCOOKIES CAFFE WithChocolateChips&Coffee MOCHA
ok,Bisleri 300Ml,bisleri-300ml.png,Beverages,1.0,,"50 300ml 24 Bisleri incase Niva""Beilet bleol seed.L1009"
ok,Kr Rose Milk 200G,kr-rose-milk-200g.png,Beverages,1.0,,ROSE MILK
ok,Kit Kat 20Rs,kit-kat-20rs.webp,Chocolates & Candies,1.0,,Nestle at Kit
ok,Lotte Choco Pie 20,lotte-choco-pie-20.jpg,Chocolates & Candies,1.0,,LOTTE Happy Choco Maments Pie 12 PACKS 336g71.85cm NoArtificial Colors NoPreservatives
ok,Nestle Classic 50Rs,nestle-classic-50rs.png,Chocolates & Candies,1.0,,10%EXTRA Nestle CLASSIC
ok,Everyday Milk Powd 400G,everyday-milk-powd-400g.png,Dairy & Fats,1.0,,Every Nestle Day DairyWniterer Pertect Tea's Partner THCK& TASTY MEDIUMFAT DAIRYWHITENER
ok,Scotch Brite Steel,scotch-brite-steel.jpg,Household,1.0,,Stainless Scotch- Steel Scrub Brite Tough Sta 3M
ok,F&L Ayur 25G,f-l-ayur-25g.jpg,Personal Care,1.0,,Ayur CUCUMBER TACEPACK CiarsnFacePad
ok,Gar Black Nat 3.0,gar-black-nat-3-0.jpg,Personal Care,1.0,,3.0 37 BROWNBLACK GARNIER Blach ALMONDOIL BLACKTEA EXTRACT Naturals OILENRICHEDCREMECOLOR Natural LookingResult>Proven NOAmmonia WORKSIN 5XShiny&SoftHair 15 100%GreyCoverage MIN
ok,Brit Cake Cho 30,brit-cake-cho-30.webp,Bakery & Snacks,1.0,,KE BRITANNIA oldoles vanilla choco marble cake 30 Marble Cake
ok,Goodday Choco-Chips-30,goodday-choco-chips-30.jpg,Bakery & Snacks,1.0,,SONALI HALALFOOD FOOD&SPICES BRITANNIA CHOCOCHIP Good COOES 30 Day More
ok,Dairy Milk 40G,dairy-milk-40g.jpg,Chocolates & Candies,1.0,,"MAHA PACK Oadoury Dairy Milk, CHOCOLATE"
ok,Dairy Milk Crispello20Rs,dairy-milk-crispello20rs.jpg,Chocolates & Candies,1.0,,"DairyMik, Crispell. CHOCOLATE"
ok,Ariel 10Rs,ariel-10rs.jpg,Household,1.0,,PERFECTWASH 259 FREE ARIEL PERFECTWASH MRP:10.00 CASECOUNT:5STREAMERS 80g 1STREAMER=12UNITS
ok,Anil Corn Vermicelli,anil-corn-vermicelli.jpg,Pasta & Noodles,1.0,,Grosery Grosun Grosey Grose rosary Grosery osoryc radition Above Generations rosory GroseryG Anil rosaryGr Since1984 srosery CORN VERMICELLI roseryG roseryG ay affranryaCholanvencele NETWT :180 g (6.30) PRODUCT OF INDIA NETWEIGHT:1809 rosaryG roseryG roseryG oseryG ryG rosory rosary rostry rosaryG G
ok,Maggi 420 G,maggi-420-g.jpg,Pasta & Noodles,1.0,,ENPORT PACK Maggi Authentic Indian Noodles masala* SIMPLY GOOD PERTPUCASE NETWT2.460Z (70g)
ok,Dabur Red T Paste 36G,dabur-red-t-paste-36g.jpg,Personal Care,1.0,,RED Dabur PASTEFORTHETH&GUMS TEPSDENTALPRORLEASAWAY LA RED Dabur PASTEFORTEETH&GUMS KEEPSDENTALPROBLEMS.AWAY
ok,A.P Rose Cookies-55,a-p-rose-cookies-55.jpg,Bakery & Snacks,1.0,,"ROSE BAKERY BestQuality Marketing By: NEWSATHI ENTERPRISE Bhangar,Panapukur, 24Pgs.(S) Rose Bakery Cookies"
ok,Cooba Donut Cake,cooba-donut-cake.jpg,Bakery & Snacks,1.0,,COOBA Chocolate DONUT CAKE
ok,Sunfeast Nice 150G,sunfeast-nice-150g.jpg,Bakery & Snacks,1.0,,Sunfeast NICE
ok,Bisleri 500Ml,bisleri-500ml.jpg,Beverages,1.0,,500ml Bisleri 500 trusted since 1969 24 Bottles
ok,Frooti 10Rs,frooti-10rs.jpg,Beverages,1.0,,Fregti ParleAgro Frooti Jhe FRESHn TUICY 1f0mlx40
ok,Mtr Badam Drink 180Ml,mtr-badam-drink-180ml.jpg,Beverages,1.0,,"NO ADDEO PRESERVATIVES MTR Badam Drink NO MTR MTR Badam am Ba DAIRY BEVERAGE Drink Drink WITH ALMOND BITS RAGE DAIRYBEVERAGE WITH ALMOND BITS DAIRYE DBITS DAIE WITHAL DAL WITH WIT Withrealbits of Almond"" Withreal b ProductofIndia Almond MTR Withreal bits ofAlmond"" PACK OF6 NO ADDED Product of India "
ok,Chocolate,chocolate.jpg,Chocolates & Candies,1.0,,Free10Pc UR.10.00 Choco Rides Deposited Chocolate Candy mRides
ok,Dairy Milk Lickables,dairy-milk-lickables.jpg,Chocolates & Candies,1.0,,Cadbury DairyMilk lickables SCOOPIT! LICKIT! LOVEIT! NOW WITH EXCITING TOYS
ok,Kit Kat Chunky 40G,kit-kat-chunky-40g.jpg,Chocolates & Candies,1.0,,CHUN Pupran Salted Pae pnaj12g CHUNKY Kickeo Caramel Nestle FUDGE
ok,Saffola Oats 200G,saffola-oats-200g.jpg,Health & Wellness,1.0,,Saffola OATS 100%Natural Creamy Cats
ok,Comfort Blue 4X4,comfort-blue-4x4.jpg,Household,1.0,,"SPECIAL PRICE Comfort CONCENTRATE X6 FRAGRANCE COLOUR SUPERIOR PROTECTION SOFTNESS"" BLUE LOVE 905ML"
ok,Nylon Rope,nylon-rope.jpg,Household,1.0,,Nylon Rope 80%
ok,Nissin Korean 130G,nissin-korean-130g.jpg,Pasta & Noodles,1.0,,HOT&SPICY Geki KOREANVEGFUNON PACK NISSIN PACK Spicy Geki SAVE Korean Ramen HOT&SPICY KOREAN VEG FLAVOUR
ok,Bella Cotton Buds 100Pcs,bella-cotton-buds-100pcs.jpg,Personal Care,1.0,,bella 100%cotton COTTON BUDS 100 WATTESTABCHEN PATYCZKI HIGIENICZNE
ok,Dove Beauty Bath100G,dove-beauty-bath100g.jpg,Personal Care,1.0,,"Dove cream beautybathingbar for soft, smooth,glowing skin MOISTURISING CREAM"
ok,Brit Cake Muffills,brit-cake-muffills.webp,Bakery & Snacks,1.0,,KE Goles BRITANNIA Goboles orange bites
ok,Brit Milk Bikis 5Rs,brit-milk-bikis-5rs.jpg,Bakery & Snacks,1.0,,BRITANNIA BISCUITS
ok,Brit Nc Digestive 100 Gm,brit-nc-digestive-100-gm.jpg,Bakery & Snacks,1.0,,BRITANNIA nutri CHOICE HUTRIOHDIOL Digestive Hi-Fibre
ok,Goodday Cashew 25Rs,goodday-cashew-25rs.jpg,Bakery & Snacks,1.0,,BRITANNIA Good Day CASHEW COOKIES
ok,Pringles 107G,pringles-107g.jpg,Bakery & Snacks,1.0,,Rate Matic DEALBACHAT latic PRINGLES CHAT ORIGINAL Rate
ok,Dairy Milk Silk Roas Al134G,dairy-milk-silk-roas-al134g.jpg,Chocolates & Candies,1.0,,"100% 100% COCOA COCOA COA RCED Cabury Calbury Dairy Milk, yMik. Dairy! SIL SILK ILK CHOCO CHOCOLATE COLATE"
ok,Fortune S.F Oil 500Ml,fortune-s-f-oil-500ml.jpg,Cooking Oils,1.0,,Fortune TheBetterCookingOil Fortune Fortune Fortune Fortune Fortune CORNOIL SOYALTANON Fortune
ok,Hatsun Curd 200G,hatsun-curd-200g.png,Dairy & Fats,1.0,,HATSUN Curo Made from Toned Milk HATSUN Curd ed Mi
ok,Glucovita Bolts-10,glucovita-bolts-10.jpg,Health & Wellness,1.0,,"GLUCOVITA BOLTS ""Instant Energy."
ok,Max Protein Peanut Butter,max-protein-peanut-butter.jpg,Health & Wellness,1.0,,RileBite MAX PROTEIN CLASSIC CRUNCHY PEANUT BUTTER 340g
ok,Surf Xl Bar 240 G,surf-xl-bar-240-g.jpg,Household,1.0,,BIGBAR Stain eraser Surf excel
ok,Brit Bourbon 35,brit-bourbon-35.jpg,Bakery & Snacks,1.0,,BRITANNIA bourbon Bourbon ChocoKreime Biscuits NETWL/POIDSNET97g(3.402)
ok,Brit Milk Cream 35Rs,brit-milk-cream-35rs.jpg,Bakery & Snacks,1.0,,BRITANNIA Milk Bikis MILKYSANDWICH SandwichBiscuits MilkCream 100 Biscuits
ok,Cheetos 10Rs,cheetos-10rs.webp,Bakery & Snacks,1.0,,FritoLay Heetos Faminot heetos 10 BAGS 10 INDMIDUAL BAGS:1 OZ EACH CHEETOS Crunchy FLAMIN HOT? TOTAL NET WT. 10 OZ. (283.5 g) Cheese Flavored Snacks-10Z.Ea
ok,Sunfeast Dark F Ch-25,sunfeast-dark-f-ch-25.jpg,Bakery & Snacks,1.0,,Sunfeast Dark Fantasy Choco Fills NETWT.:75g CENTER FILLED CHOCO CREME COOKIES
ok,Unibic Choco Ripple Cookies-10,unibic-choco-ripple-cookies-10.png,Bakery & Snacks,1.0,,Choco UNIBIC Ripple Cookies ChocoRipple Choco Ripple UNIBIC UNIBIC Cookiers Cookies Cookies
ok,Perk-5Rs,perk-5rs.jpg,Chocolates & Candies,1.0,,PICK YOUR FAVOURITE NEW 21 units Caoury inside PERK Mini Treats MORECHOCOLATEY&SUPERCRISPY! PERK NEW PLUS
ok,Max Protein 125 Rs,max-protein-125-rs.png,Health & Wellness,1.0,,MAX PROTEIN. TOSARPEOTEEGOSLAC MAX PROTEIN. RROSBIN
ok,Aim Matches,aim-matches.jpg,Household,1.0,,"AIM incl.,ofall taxes. Mfd.by Amar Splints Pvt. Ltd., Shamli-247776.（U.P.） MRPR SAFETY MATCHES 10MatchBoxeseach of1.00Containing 35SticksperMatchBox. MarketedbyITCLimited, 37.J.L.NehruRoad,Kolkata-700071. Forfebackomplaintsontact:QualtyManag ITCLimitedSBUMatchesBusiness69ChamiersRoad Chnnai-0018.Ph0"
ok,Anil Idiyappam Flour 500 G,anil-idiyappam-flour-500-g.jpg,Pasta & Noodles,1.0,,Idiyappam Flour IDIYAPPAM Anil FLOUR Since1584 Tradition Above Generations 500 NETWEIGHT:5009 gms
ok,Lays Rs-20,lays-rs-20.webp,Bakery & Snacks,1.0,,Buddy With Micreligiht Salr back Lays ClassicSalted
ok,Cavins Milkshake,cavins-milkshake.jpg,Beverages,1.0,,"Cavins KAJU BUTTERSCOTCH Milkshake Milk isa richsource ofcalcium,proteins andminerals Butterscotch flavoured"
ok,Jvs Groundnut Oil 1 Lt,jvs-groundnut-oil-1-lt.jpg,Cooking Oils,1.0,,JVS Groundnut Oil Gold inof Enquiry.jvyes@gmail.com www.jvyes.com
ok,Hatsun Curd 500G,hatsun-curd-500g.jpg,Dairy & Fats,1.0,,HATSUN Curd Madefrom Toned Milk NEFQUANTITY: 500g
ok,Maggi 15Rs,maggi-15rs.png,Pasta & Noodles,1.0,,Maggi *TASTEMAKERSACHETINSIDE Minute dles TRULY GOOD Made with choicest qudlity spices with Goodness of IRON FASy PEASY Recipe faserveis70g Find out more Energy InstantNoodleswithSeasoning %ofGuidelineDailyAmountsofan Masala average adult [2000kcal]
ok,Col Active Salt 100 G,col-active-salt-100-g.jpg,Personal Care,1.0,,Colgate' Fightgerms withthe goodness Of Active Salt and Lemon
ok,Col Swarna Vedshakthi200G,col-swarna-vedshakthi200g.jpg,Personal Care,1.0,,NEWHerbalFamilyProtection Colgate SWARNA VEDSHAKTI Created with AyurvedicExpertise 200g +STRENGTHENING+FRESHNESS+ANT-GERM+MASSAGE+GUMCARE
ok,Comb,comb.jpg,Personal Care,1.0,,Self Cleaning Hair Comb Before After
ok,Dove 10In1 10Rs,dove-10in1-10rs.png,Personal Care,1.0,,Dove DAMAGHURERAPY HAIRTREATMENT rdsroaadhei
ok,Brit Fudge It20Rs,brit-fudge-it20rs.jpg,Bakery & Snacks,1.0,,"DESSERT DELIGHT PACK Coetains Egg BRITANNIA CaKe Fudgelt ""Creatherisualisatic CHOCO BROWNIES PACKS sskaPer40gsere INSIDE"
ok,Brit Marie 10Rs,brit-marie-10rs.webp,Bakery & Snacks,1.0,,Vitominst Minorols BRITANNIA marie GOLD
ok,Brit Nc Digestive10Rs,brit-nc-digestive10rs.jpg,Bakery & Snacks,1.0,,NEW BRITANNA Digsine BRITANNIA Digestive BRITANIIA Original NETWT./POIDSNET400ge (14.110z) (0.88Tb) Biscits Zero%transfat Wholewheatflour Noaddedartificial colors
ok,Brit Treat Cr Wafers5Rs,brit-treat-cr-wafers5rs.jpg,Bakery & Snacks,1.0,,BRITANNIA Treat RICH CREME STRAWBERRY FLAVOURED WAFERS BRITANNIA Treat rea RICH CREME CHOCO FLAVOURED.WAFERS BRITANNIA Treat Treat RICH CREME ORANGE FLAVOURED WAFERS
ok,Brit Vita Marie Gold 10,brit-vita-marie-gold-10.jpg,Bakery & Snacks,1.0,,BRITANNIA Vita mariecOLD marie Yita GOLD
ok,Goodday Pista Badam 25,goodday-pista-badam-25.jpg,Bakery & Snacks,1.0,,BRITANNIA Cood Dal PISTA BADAM Energy 77 kcal COOKIES Per15g serve (Approx.28iscuits)
ok,Malkist 50Rs,malkist-50rs.jpg,Bakery & Snacks,1.0,,IMPORTED MAYORA Malkist unlt Cheese Flavoured Crunchy Layered Crackers
ok,Dairy Milk Crispello 35G,dairy-milk-crispello-35g.jpg,Chocolates & Candies,1.0,,Cadbury Crspello CHOCOLATE
ok,Porna Rice Oil 910G,porna-rice-oil-910g.jpg,Cooking Oils,1.0,,SKM PORNA PORNA Refined Rice Bran Oil with Goodness of Oryzanol 1e APRODUCTOF SKM GROUP PORNA REFINED RICE BRAN OIL
ok,Everyday Milk Pow 10Rs,everyday-milk-pow-10rs.jpg,Dairy & Fats,1.0,,New Every Nestle yDay
ok,Scotch Brite 2 In 1 32,scotch-brite-2-in-1-32.jpg,Household,1.0,,"MediumDuty Scrub Sponge Pad Scotch Brite. PROFESSIONAL ""FORINSTITUTIONALUSE"" ·Food safe ·Easytouse ·Dual action .Long lasting ·HACCPCertified No.74 8190136113046891 2 Nos 3M 75mmx100mm"
ok,Surf Xl Mat Liq Fr L 4 Lt,surf-xl-mat-liq-fr-l-4-lt.jpg,Household,1.0,,4L NEW MEGA SAVER FORMULA PACK Surf excel MATIC TOPLOAD REMOVESTOUGH DRIEDSTAINSA
ok,Col Zig Zag 6Pc,col-zig-zag-6pc.jpg,Personal Care,1.0,,Colgate ZIGZAG Colgate Colaote Colgate Colgate Colgate Colgate Colgate Colgate Colante
ok,Dove Serum Bar75G,dove-serum-bar75g.jpg,Personal Care,1.0,,Dove serum bar HYDRATION SERUM freshhydrate DERMATOLOGICALLYTESTEDI
ok,Gil Mach3 8 Cartridges,gil-mach3-8-cartridges.jpg,Personal Care,1.0,,Gillette =MACH3 TM 90063021 PAP ys4Moch3 2-countcanridgpocks
ok,Gokul 300 G,gokul-300-g.jpg,Personal Care,1.0,,GOKUL Beauty Powder LONG LASTING FRESHNESS
ok,Lux Bright Glow 100G,lux-bright-glow-100g.jpg,Personal Care,1.0,,BRIGHTGLOWSOAPBAR NEW NEW LUX LUX Bright Glow JASMINE VITAMINC+GLYCERIN 100 2x
ok,Ellu Urundai,ellu-urundai.jpg,Sweeteners,1.0,,TOTCO FOODS ELLU URUNDAI (BLACK) 15 PCS PURE NATURAL VTG SNACS
ok,Water Colour,water-colour.png,Toys & Stationery,1.0,,DOMS AO-LEVCR_ENTERPRISES SalePrice335 EVERYAMNITIONNEEDSPREPARATION der trughes COOVRNEAP WATER COLOUR PENCILS 24 SHADES
ok,Medimix 3X75G,medimix-3x75g.jpg,Personal Care,1.0,,SUPER SAVE SAVER Since1969 PACK medimix AYURVEDIC 18-Herbs withNatural Oils Natune Protect Healthy&ProtectedSkin 3x125g=375g
ok,Navratna Oil 50 Ml,navratna-oil-50-ml.jpg,Personal Care,1.0,,Navratna COOL Navratna AYURVEDIC OIL COOL Navratna AYURVEDICOIL COOL WITH ACTIVE 9ACTIVE HERBALINGREDIENTS With HERBAL INGREDIENTS Relieves·Relaxes.Rejuvenates Relieves·Relaxes·Rejuvenates 50ml
ok,Nivea Deo Roll On 25Ml,nivea-deo-roll-on-25ml.webp,Personal Care,1.0,,"NIVEA deodorant pearl &beauty PEARLEXTRACT &AVOCADOOIL 48jam/0%alcoho 25ml ketiakhalus,lembut,&cantik"
ok,Yard Eau De Parfum 18Ml,yard-eau-de-parfum-18ml.jpg,Personal Care,1.0,,YARDLEY LONDON YARDLEY LONDON otr BREEZE COMPACTPERFUME Net Vol.: 18 ml COMPACT PERFUME 18ml
ok,Mangaldeep Treya20Rs,mangaldeep-treya20rs.jpg,Pooja & Religious,1.0,,MADGALDEEP TREya PUIAAOARRATTIS 3in1
ok,Aashirvaad Crystal Salt 1Kg,aashirvaad-crystal-salt-1kg.jpg,Salt & Condiments,1.0,,AASHIRVAAD lodizedCrystalSalt MADEFROM NATURAL SEASALTCRYSTALS SunDried for3Weeks
ok,Sak Turmeric 200G,sak-turmeric-200g.webp,Spices & Masalas,1.0,,SAKTHI TURMERIC POWDER Pure Spices Net.wt.
ok,Fortune Atta 1Kg,fortune-atta-1kg.jpg,Pulses & Grains,1.0,,fortune pock chakki fresh atta 100280 Omoldo fortune chekkifreshotto
ok,Kissan Jam 10Rs,kissan-jam-10rs.jpg,Salt & Condiments,1.0,,WITH 100 rea FRUITS kissan SINCE1934 MIXEDFRUIT -JAM- PerServe (20g) GDA
ok,Bru-5,bru-5.jpg,Tea & Coffee,1.0,,BRU Instant
ok,Key Chain,key-chain.jpg,Toys & Stationery,1.0,,OmtMar KEY CHAIN
ok,Sak Bajji Mix 500 G,sak-bajji-mix-500-g.png,Spices & Masalas,1.0,,SAKTHI Bqiji-Bonda Powder 500g
ok,Mani Mark 60,mani-mark-60.jpg,Sweeteners,1.0,,arcot mani mark KAMARKAT
ok,3 Roses 500G 2Kg,3-roses-500g-2kg.jpg,Tea & Coffee,1.0,,Brooke Bond 3ROses PenfectColour. Perfectstrength PerfectAroma
ok,Him Fw Nat Glow Rose100Ml,him-fw-nat-glow-rose100ml.jpg,Personal Care,1.0,,imalaya SINCEI930 Natural Rase FaceWash Goodness of Rosereveals yourNatural Glow
ok,Karthika Sh Black Sh 80Ml,karthika-sh-black-sh-80ml.jpg,Personal Care,1.0,,"Naturally Karthika Shampoo long, BlackShield healthyand NaturallyLong& Karthika thick hair Thick Hair 175gm Curryleafnature's gift to protect the natural darknessof hair andhelps in hair growth. Rediscoverthe traditionalpractice LACXSHIELD of using Curry SHAMPOO Leaves,Amlaand yLong Bringaraj to was"
ok,Santoor Hw Pump,santoor-hw-pump.jpg,Personal Care,1.0,,SANTOOR SANTOOR GENTLEHANDWASH GENTCEHANDWASH FRESH FRESH TOUOOA MANOS TOOOAION
ok,Sensodent-K 125 G,sensodent-k-125-g.png,Personal Care,1.0,,FREE WARREN Fene SENSODENT K SENSITIVE TOOTHBRUSH SensodentK rast WORTrUamed: #50 Reliet 1250 INSIDE THIS PACK Brandpreferredby Druemeds Fee frolsSParctans dentists for over 3decadas uem
ok,Gopuram Kitchadi 26Kg,gopuram-kitchadi-26kg.jpg,Rice & Cereals,1.0,,KALLAKURICHI LIONA.MANI'S GOPURAM BRAND GOPURAMBRAND Rajabogam Nei Kitchadi BestQualityPremium Rice 26kg fssaiLic No:1241703101136
ok,Pro N Him Pink Salt500G,pro-n-him-pink-salt500g.jpg,Salt & Condiments,1.0,,HSFOUOSBTITSNATUR GLUTENFREE RED Classic Himalayan Pink Salt 500g PRO NATURE Classie
ok,Sak Tamarind 50 G,sak-tamarind-50-g.jpg,Spices & Masalas,1.0,,SAKTHI PULIYOGARE RICEPOWDER yofCwnggu ung 50g 200
ok,Mani Mark-45,mani-mark-45.jpg,Sweeteners,1.0,,arcot mani mark KAMARKAT
ok,Pen,pen.jpg,Toys & Stationery,1.0,,Set of Gel Pen HAUSER Germany Waterproof Gel Ink HAUSER Germany Waterpvootge nk German Techroogy 3N German Technclogy 2N Pen Sets
ok,Gil Venus Rzr,gil-venus-rzr.jpg,Personal Care,1.0,,Venuis Gillette SmoothCurves MSkin Cushion PROTECTION** FlexiBall Adapts TO YOUR Trickycurves FREE OVERCAP Venus INSTANT SMOOTHNESS No Pain
ok,Aachi Kulambu Chilly 200G,aachi-kulambu-chilly-200g.webp,Spices & Masalas,1.0,,Aachi KULAMBUCHILLI MASALA MIXEDMASALA Cntante SPICE:MIX TOPREPAREINDIANCURRIES -INDIA'S 70z /200g No.1 BRAND MASALA Melange d'epices pour preparerdes currys indiens yTRA ages Shown arefor
ok,Mtr Puliogare 12Rs,mtr-puliogare-12rs.jpg,Ready to Cook,1.0,,MTR MasalaPowder Puliogare Powder ORIGINAL Tamarind Rice
ok,Gar Bright Com Fw 100G,gar-bright-com-fw-100g.jpg,Personal Care,1.0,,DUO FOAM GARNIER SKINNATURALS BRIGHT COMPLETE BRIGHTENING DUO ACTION FACEWASH FIGHTSDARKSPOTS INSTANT BRIGHTENING LEMONEXTRACT+ WHITECLAY Suitableforall skintypes Dermarologicalytosted
ok,Vip Hair Colour 20Ml,vip-hair-colour-20ml.png,Personal Care,1.0,,PACKOF11 BLACK 20ml VIP LONG-LASTING·PLEASANTFRAGRANCE HAIR Natwral SHAMPOO-HAIR COLOUR-CONDITIONER 5inl CAN BE APPLIED COLOUR WITH BARE WET HEAD HANDS MUSTACHE SHAMP00 BEARD CHEST AND HANDS Enriched With Pearl Extract 15MINUTES NO NO NO STAINS AMMONIA TEARS 100%GREYC0VERAGE purespyces wagga
ok,Cycle Rhythm Amber 20Rs,cycle-rhythm-amber-20rs.jpg,Pooja & Religious,1.0,,CYCLE INDIA'S No. SYNICCOFGUAUTY CYCLE Rhythm Amber Savet and ewotic fragrincc of Amhet
ok,Aachi Puliyogiri 50 G,aachi-puliyogiri-50-g.jpg,Ready to Cook,1.0,,Aachi PULIOTHARAIRICE POWDER
ok,Naga Maida 500 G,naga-maida-500-g.jpg,Rice & Cereals,1.0,,Refined WheatFlour naga naga Superior Quality Since 1977 (MAIDA) Ingredients:WHEAT Refined Refoedwheat Fiour:Nlons 62.1 Categery Wheat 500g DIENTS Flour Nutritional Information BUBBLY 100%Natural Ingredients No Added Chemicals /Preservatives
ok,Sak Turmeric 100G,sak-turmeric-100g.jpg,Spices & Masalas,1.0,,SAKTHI TURMERIC POWDER Net.W 100
ok,3 Roses Top Star100 G,3-roses-top-star100-g.png,Tea & Coffee,1.0,,"3Roses OPXSIAR gotcolour asta,stranmth"
ok,Correction Tape,correction-tape.jpg,Toys & Stationery,1.0,,CORRECTION CORRECTION CORRECTION TAPE TAPE Carry on Carry on TAPE Cart Fast Revision&Strong Adhesireness Fast Revision &Strong Adhesi Fast Revision&Strong Adhesin SUPER SUPER SUPER VOLLME VOLUME VOLUME ST-802 ST-802 ST-802 SMOOTH SMOOTH SMOOTH ROLLING ROLLING ROLLING STICKY LIGHT STICKY LIGHT STICKY
ok,Flair 10Rs,flair-10rs.jpg,Toys & Stationery,1.0,,Flair SUPERSAVERPACK 7115.0099.00 Flair Creative SUPER KIT
ok,Lifebuoy Neem,lifebuoy-neem.jpg,Personal Care,1.0,,NEW 100%BetterSkinProtectiong Lifebuoy Neem and AloeVera SPNATUREPROTEGT
ok,Sak Chicken 100G,sak-chicken-100g.png,Spices & Masalas,1.0,,Chicken SAKTHI CHICKEN MASALA 50g
ok,Sak Sambar 500 G,sak-sambar-500-g.jpg,Spices & Masalas,1.0,,SAKTHI SAMBAR POWDER Ne 100
ok,Tt Asafoetida 50 G,tt-asafoetida-50-g.jpg,Spices & Masalas,1.0,,JLIL COMPOUNDED ASAFOETIDA Since1895
ok,Mani Mark-75,mani-mark-75.jpg,Sweeteners,1.0,,arcot mani mark KAMARKAT
ok,Hauser Xo 20,hauser-xo-20.jpg,Toys & Stationery,1.0,,HAUSER Germany XO 20
ok,Oral-B Criss Cross,oral-b-criss-cross.jpg,Personal Care,1.0,,MEDIUM NDICATO BRISTLES ANTI-PLAQUE INDICATOR OralB CRISSCROSS FAMILYPACKOF4 REMOVESUPTO 90%GERMS# INHARDTOREACHAREAS OralB OraFt forid'sNo.De
ok,Yard Deo Eng Lav150Ml,yard-deo-eng-lav150ml.jpg,Personal Care,1.0,,YARDLEY LONDON LAVENDER
ok,Sak Briyani Pow 50 G,sak-briyani-pow-50-g.jpg,Spices & Masalas,1.0,,SAKTHI BRIYANIMASALA 100g
ok,Levista 5X2Rs,levista-5x2rs.png,Tea & Coffee,1.0,,Levista INSTANT COFFEE Levista INSTANT COFFEE
ok,Mysore Sandal 125G,mysore-sandal-125g.jpg,Personal Care,1.0,,SINCE 1916 OnlySoap-with Pure Sandalwood MYSORE SANDAL SOAP
ok,Mtr Payasam Mix 180 G,mtr-payasam-mix-180-g.jpg,Ready to Cook,1.0,,MTR Ready Mix 15 min step recipe Vermicelli Payasam MTR ORIGINAL SeviyanKheer RECIP Dessert Time Adeliciouscombinationofdryfruits milkndmiceliaditonalnd Sweetsforeveydaycelebrations ats Colour NetQuantity:180g
ok,Murali Pickle 400G,murali-pickle-400g.jpg,Salt & Condiments,1.0,,400 Murali LEMON PICKLE
ok,Aachi Chilli Pow 50 G,aachi-chilli-pow-50-g.jpg,Spices & Masalas,1.0,,Aachi Chilli Powder 50g
ok,Sak Curry Masla 100G,sak-curry-masla-100g.jpg,Spices & Masalas,1.0,,SAKTHI SAKTH MUTTON MASALA MUTTON Chukka Masala 50g SAKTHI SAKTHI CURRY MIXEDMASALA KULAMBUCHILLI POWDER POWDER Gyiy anoni Quna
ok,Sak Rasam Pow 50 G,sak-rasam-pow-50-g.png,Spices & Masalas,1.0,,SAKTHI RASAM POWDER
ok,Mani Mark-50,mani-mark-50.jpg,Sweeteners,1.0,,mani mark
ok,Santoor White 90G,santoor-white-90g.jpg,Personal Care,1.0,,SANTOOR SANTOOR NEW SANTOOR SANTOOR AlmndSoft with Sandal & Almond Mik
ok,Sugandhi Sambirani,sugandhi-sambirani.jpg,Pooja & Religious,1.0,,Wo *Fai*可i *Sugandhi wr Sugandhi SAMBRANI/DHUNA InstantIncense Pure Natural For Aroma&Smoke ndh
ok,Tata Stone Salt 1 Kg,tata-stone-salt-1-kg.jpg,Salt & Condiments,1.0,,Balanced Taste TATA Salt OVER 30 VacuumEvaporated TRUST lodised SCANME lodine Helps Mental Guarantee Development* VacuumEvaporated lodisedSalt CopyrightResenved
ok,Aachi Asafoetida 50 G,aachi-asafoetida-50-g.jpg,Spices & Masalas,1.0,,Aachi ROYAL ASAFOETIDA COMPOUNDEDASAFOETIDAPOWDER EXTRASTRONG
ok,Hauser 10Rs,hauser-10rs.jpg,Toys & Stationery,1.0,,H HAUSER Germany KIT
ok,Santoor Sandal75G,santoor-sandal75g.jpg,Personal Care,1.0,,SANTOOR SANTOOR S4NTOOR SANTOOR SAVE8 SANTOOR T1378605713 Santoor 4x75g Sandal & Turmeric
ok,Smp Him Salt Stone1Kg,smp-him-salt-stone1kg.jpg,Salt & Condiments,1.0,,"Naturespring EATHEALTHY,STAY HEALTHY Himalayan Pin Salt"
ok,Sak Chicken 50 G,sak-chicken-50-g.jpg,Spices & Masalas,1.0,,SAKTHI CHICKEN MASALA
ok,Mani Mark 70,mani-mark-70.jpg,Sweeteners,1.0,,mani mark
ok,Super Vasmol 33 100 Ml,super-vasmol-33-100-ml.jpg,Personal Care,1.0,,IMPROVEDWITH3NEWOILS SUPER Vasmol 33 KESH KALA Vasmol SUPER 33 KESH KALA Naturl Black OIL BASED HAIR COLOUR FORDXIUINALWE ONY SHAXE WELLDEFOREUSE OILBASED HAIR COLOUR Uses Natural Oxygon
ok,D.H Samba Broken Wheat500G,d-h-samba-broken-wheat500g.jpg,Rice & Cereals,1.0,,Samba Broken Wheat Ble'samba'casse Sambaweizen Gebrochen HOL 500g1.1lbs)
ok,Sak Cumin Pow 50G,sak-cumin-pow-50g.jpg,Spices & Masalas,1.0,,SAKTHI CUMIN POWDER Ne.WY 100g Product of India
ok,Sak Fish Fry Pow 50 G,sak-fish-fry-pow-50-g.png,Spices & Masalas,1.0,,SAKTHI FISHFRY MASALA
ok,3 Roses 10Rs,3-roses-10rs.png,Tea & Coffee,1.0,,"2/ Brooke Bond 3ROses Perfect Colour, Perfect Taste, Perfect S"
ok,Bru 2Rs,bru-2rs.png,Tea & Coffee,1.0,,NEWRICHAROMA NEWRICHAROMA CHARESICUN MARES1CUD BRU BRU Instant Instant NEWRICHAROMA NEW RICHAROMA MANESICUP MAKES1CUP BRU BRU R2 Instant Instant
ok,Kores Correction Pen,kores-correction-pen.jpg,Toys & Stationery,1.0,,kores Eraz-ex White Ink Correction Pen Set Correction Pen12ml ona12mlnnPaaao) *DiluterPen12ml S5ocyt12mlianPacke Eraz *FORINCREASEDLIFE OF CORRECTIONPEN METALTIP-FASTDRY
ok,Gloves,gloves.png,Personal Care,1.0,,Personal Personal Care Care Nitrile Gloves Nitrile Gloves Powder Free Powder Free SIZE x10 SIZE Otx PPS GLOVES PPS EU LATEX GLOVES ★ QUALTY + EU EU QUALITY
ok,Aachi Fish Curry 50 G,aachi-fish-curry-50-g.jpg,Spices & Masalas,1.0,,Aachi FISHCURRYMASALA 50g
ok,Sak Fish Curry50G,sak-fish-curry50g.jpg,Spices & Masalas,1.0,,SAKTHI FISHCURRY MASALA 50g
ok,Bril Wax Crayons,bril-wax-crayons.jpg,Toys & Stationery,1.0,,Bril 12 Bril THICK Makes learningfun Makes laraing fea Wax Crayons Wax Crayons NON-TOXIC NON-TOXC
ok,Mamaearth Shampoo 250Ml,mamaearth-shampoo-250ml.png,Personal Care,1.0,,mamaearth BhringAmla Shampoo zoith Bhringraj &Amla FOR INTENSE HAIR TREATMENT PARABN DERMATOLOGICALLY FORALL HARTYS NSTCONTONT(nPCaO
ok,Sensodyne Rapid Rel80G,sensodyne-rapid-rel80g.jpg,Personal Care,1.0,,Rapid Relife RAPID RELIEF GLONGLASTINGPROTECTION SENSODYNE MMENDEDBRAND 80
ok,Shower To Shower 150G Sandal,shower-to-shower-150g-sandal.jpg,Personal Care,1.0,,SANDAL AYURVEDIC Shower Shower PRICKLYHEATPOWDER SANDAL 2X SWEAT ABSORPTION 150g 150g
ok,Parimal Pineapple,parimal-pineapple.jpg,Pooja & Religious,1.0,,GiNinside Parimal RRANDI PINEAPPLE BLAST CHARCOALFREL PREMIUMINCENSE
ok,Murali Pickle,murali-pickle.jpg,Salt & Condiments,1.0,,400g Murali Pickle CITRON PICKLE
ok,Taj Mahal 100 G(S),taj-mahal-100-g-s.jpg,Tea & Coffee,1.0,,TAJ MAHAL KASHMIRI SPICE TEA SAFFRON &CARDAMOM 100g
ok,Tide 1Kg,tide-1kg.jpg,Household,1.0,,WHIE TIDE 12 fl. oz.
ok,Lakme Peach Milk 120 Ml,lakme-peach-milk-120-ml.jpg,Personal Care,1.0,,LAKME PEACH MILK ULTRA LIGHT-WEIGHT GEL Oil-free 24hrmoisture lock 68734787
ok,Nescafe Gold 100g,nescafe-gold-100g.jpg,Tea & Coffee,1.0,,NESCAFE GOLD
ok,Dove Cond Dc 75ml,dove-cond-dc-75ml.jpg,Personal Care,1.0,,cellular Dove hairtherapy NUTRITIVE SOLUTIONS dolly moisturo CCNDITIONER
ok,Cothas Coffee 500 G (S),cothas-coffee-500-g-s.jpg,Tea & Coffee,1.0,,Cothas CLASSIC COLD COFFEE PURE FILTER COFFEE PURE COFFEE EXTRACTS 250ml
ok,Nescafe Classic 200g,nescafe-classic-200g.jpg,Dairy & Fats,1.0,,COMPACT170 PACK NESCAFE CLASSIC NET 170g
ok,Axe Deo 72H,axe-deo-72h.jpg,Personal Care,1.0,,AXE DARK TEMPTATION 72H NON-STOP EFFICACITE ANTI-HUMIDITE+PARFUME ANTI-TRANSPIRANT
ok,Tata Coffee Grand 200g,tata-coffee-grand-200g.jpg,Tea & Coffee,1.0,,TATA COFFEE GRAND COLD COFFEE Belgian Chocolate
ok,Him Ad Shampoo 650ml,him-ad-shampoo-650ml.jpg,Personal Care,1.0,,Himalaya SINCE 1930 gentle baby shampoo FREEFROM Parabens SLS/SLES SyatheticColors Mild.Notears. Softens nourishes andimproves hair lustre. HIBISCUS·CHICKPEA Clinically tested. GentleSafe Researched
ok,Aachi Badam 200g,aachi-badam-200g.jpg,Dry Fruits & Nuts,1.0,,Aachi BADAM DRINK lish Real Taste of dam
ok,Lakme Peach Milk 50G,lakme-peach-milk-50g.jpg,Personal Care,1.0,,LAKME PEACH MILK SOFTCREME 24HR MOISTURE LOCK 67980996
ok,Ponds D.f.t 80 G,ponds-d-f-t-80-g.jpg,Personal Care,1.0,,PONDS SANDAL radiance 1009
ok,Nescafe Classic 100g J,nescafe-classic-100g-j.jpg,Dairy & Fats,1.0,,COMPACT170 PACK NESCAFE CLASSIC NET 170g
ok,Vicks Vaporub 25 G,vicks-vaporub-25-g.jpg,Health & Wellness,1.0,,VALUE PACK VICKS VapoRub RELIEVES6COUGH& COLD SYMPTOMS WihMentholCamphor&Eucalyptuso 50ml
ok,Pepsi 700ml,pepsi-700ml.jpg,Beverages,1.0,,pepsi 330ml: 615W 145kcal 100ml: 186k/44kcal
ok,Maggi Chicken Noodles 320g,maggi-chicken-noodles-320g.jpg,Pasta & Noodles,1.0,,Maggi 2Minute Noodles CHICKEN NET3609
ok,Lakme Sun Ex 18ml,lakme-sun-ex-18ml.jpg,Personal Care,1.0,,LAKME 9T05 SKINPERFECT COLLECTION SUN EXPERT SUPER MATTE SUNSCREENLOTION SPF25PA++
ok,Par Rusk 40rs,par-rusk-40rs.jpg,Bakery & Snacks,1.0,,PACKSINSIDE IDIVID PREMIUM RUSK PARLE Real Elaichi
ok,Lakme 9to5 Sun Ex Spf50pa++++ 50ml,lakme-9to5-sun-ex-spf50pa-50ml.jpg,Personal Care,1.0,,LAKME 9T05 SKINPERFECT COLLECTION SUN EXPERT SUPER MATTE SUNSCREENLOTION SPF25PA++
ok,Nivea Soft Cream 200 Ml,nivea-soft-cream-200-ml.jpg,Personal Care,1.0,,NIVEA soft Per yr the day with Perpy Pomegranate
ok,Him Aloe Face Wash 100g,him-aloe-face-wash-100g.jpg,Personal Care,1.0,,imalaya SNCEI930 Moisturizing AloeVeraFaceWash Prevents Drying Enriched wNatural Vitamin-E Vera loe Net Vol.100 ml
ok,Vaseline Deep Res 100ml,vaseline-deep-res-100ml.jpg,Personal Care,1.0,,NEW doeply moisturising Vaseline intensivecare deeprestore Restores theappearanceot dryskin withmioro-dropletsof VaseineJoly 750ml
ok,Dabur Almond Hair Oil 200ml,dabur-almond-hair-oil-200ml.jpg,Personal Care,1.0,,WORLD'S No.1 HAIROIL NEKPACK Dabur Amla ·STRONGER ·LONGER
ok,Munch Crunch 10rs,munch-crunch-10rs.jpg,Chocolates & Candies,1.0,,03/12 Untit Display 27/11/16 323090518:12 SWEET BABY MUNCH & CRUNGH CARROTS 500g Produce of Australia
ok,Aashirvaad Rava 500g,aashirvaad-rava-500g.jpg,Rice & Cereals,1.0,,"AAD AASHIRVAAD DOUBLE ROASTED SUJI RA NO.592 560005 itcares@itc.in 1800 425 444 444 1 kg TWEIGHT: 26A11906 19JUN.24 26SEP24 82.0 to cook andvery versatile. Nutritional information Per Per serve (approx,values) 100 （30g） Energy (kcal) 360 PEDIENT:Wheat. LainsWheat Protein (g) SSANOLICNOMATCHTHEFIRSTW"
ok,Axe Oil 5 Ml,axe-oil-5-ml.jpg,Personal Care,1.0,,TRADE MARK AXE BRAND UNIVERSAL OIL A handy medicine for the home For quick relief of cold & headache BN H00724 EXP FOR EXTERNALUSE ONLY Manufacturedby: LEUNGKAIFOOK MEDICALCOPTELTD SINGAPORE No.410MLAPPROX
ok,Sunfeast Bourbon 10rs,sunfeast-bourbon-10rs.jpg,Bakery & Snacks,1.0,,Dark Dark Sunfeast Fantasy Bourbon BISCUTS WITH CLASSICCHOCOLATE COCOAANDSWE THEPERFECTCO WITHCLAS
ok,Sugar Free Gold 500 No,sugar-free-gold-500-no.jpg,Sweeteners,1.0,,Sugar Free Gold wootanerforfitnossce Sugar TM Gold Sweetener for fitness conscious India's No.1 Sweetener onlyaBran or Trademark TableTop weetener contitstruefiature
ok,Juice Cup,juice-cup.jpg,Beverages,1.0,,NET All Natural Fruit Dle 60 CALORIES BEST PER CUP AVARD STTAS TROPICALVARIETY 6TropicalFruit in100%fruitjuice 6PineappleTidbits in100%pineapplejuice 100%Juice in 12-40Z.CUPS NETWT.48OZ.(3Ibs.)1.36kg
ok,Him Aloe Face Wash 50G,him-aloe-face-wash-50g.jpg,Personal Care,1.0,,imalaya SNCEI930 Moisturizing AloeVeraFaceWash Prevents Drying Enriched wNatural Vitamin-E Vera loe Net Vol.100 ml
ok,Sprite 750 Ml,sprite-750-ml.jpg,Beverages,1.0,,Sprite
ok,Tide Fl 850ml,tide-fl-850ml.jpg,Household,1.0,,Tide nparate addling oner betto FREACHOF s intoeyes otingest. hands ORIGINAL 1.5kg/51.0
ok,Vibro Paneer 500ml,vibro-paneer-500ml.jpg,Dairy & Fats,1.0,,NETQUANTITY 500ml. VIBRO PANEER Kalimark Aproductof
ok,Vibro Paneer 300ml,vibro-paneer-300ml.jpg,Dairy & Fats,1.0,,NETQUANTITY 500ml. VIBRO PANEER Kalimark Aproductof
ok,Santoor Hw 750ml,santoor-hw-750ml.jpg,Personal Care,1.0,,SANTOOR Skin Moisturising Sandal&Turmeric
ok,Quaker Oats 400g,quaker-oats-400g.jpg,Bakery & Snacks,1.0,,WIN +FREE Nuffield 07:24 十Health fitbit ionic GYM PASS EVERY DAY WITH EVERY PACK 100% WHOLE GRAIN NATURAL FLAVOURS QUAKER .NO. ARTIFICIAL -ESTD1877- PRESERVATIVES OATSO SIMPLE Sweet READY IN Cinnamon MINS flavour Helps lower Each33gsache 10SACHETS 863kJ Cholesterol Saturates Sugars Fat Salt 14g 24g 
ok,Nescafe Classic 50G J,nescafe-classic-50g-j.jpg,Dairy & Fats,1.0,,COMPACT170 PACK NESCAFE CLASSIC NET 170g
ok,Top Ramen 53rs,top-ramen-53rs.jpg,Pasta & Noodles,1.0,,Top NISSIN Ramen FLAVOR BEEF NO ADDED MSG TURALE ITAMATES EN DLE SOUP SERVING SUGGESTION
ok,Tata Coffee Grand Jar 50G,tata-coffee-grand-jar-50g.jpg,Tea & Coffee,1.0,,TATA COFFEE GRAND CLASSIC MRP Inclusive ofall taxes Strong Taste RichAroma flavouredinstant Coffee-ChicoryMix
ok,Tide Tl 10rs,tide-tl-10rs.jpg,Household,1.0,,Tide nparate addling oner betto FREACHOF s intoeyes otingest. hands ORIGINAL 1.5kg/51.0
ok,Kr Appalam 50gm,kr-appalam-50gm.jpg,Bakery & Snacks,1.0,,Kitchen KING HALAL 519n010 APPALAM Jupiter
ok,Bru Gold 50 Jar,bru-gold-50-jar.jpg,Tea & Coffee,1.0,,BRU Gold
ok,Ponds D.F 200 G,ponds-d-f-200-g.jpg,Personal Care,1.0,,PONDS SANDAL radiance 1009
ok,Lakme Peach Milk 60 Ml,lakme-peach-milk-60-ml.jpg,Personal Care,1.0,,LAKME PEACH MILK ULTRA LIGHT-WEIGHT GEL Oil-free 24hrmoisture lock 68734787
ok,Tata Him Rock Salt 1Kg,tata-him-rock-salt-1kg.jpg,Salt & Condiments,1.0,,INDIAS NO.1 TATA ROCK SALT* Salt HIMALAYAN ROCKSALT With Natural Trace Minerals LYABRAND AMEANDDOE EPRESENTITSTRUNATURS
ok,Maggi Hot&sweet Tcs-22,maggi-hot-sweet-tcs-22.jpg,Pasta & Noodles,1.0,,Maggi Hote TOMATO CHiLi SAUCE 1Tbsp= Energy Find outmore 11kcal 1% ofGuidelineDay Amounts ofan avg adutt(2000kcal)
ok,Hatsun Butter 100 G,hatsun-butter-100-g.jpg,Dairy & Fats,1.0,,RichinAroma HATSUN PASTEURIZED Cooking Butter 'sMill Net Quantity? 'Serving Suggestion 200g
ok,Nivea Soft Cream 50 Ml,nivea-soft-cream-50-ml.jpg,Personal Care,1.0,,NIVEA soft Per yr the day with Perpy Pomegranate
ok,Ujala 250 Ml,ujala-250-ml.jpg,Household,1.0,,sqenfupofr UJALA Supreme For superwhiteness ofclothes
ok,Lakme 9to5 Sun Ex Spf30++,lakme-9to5-sun-ex-spf30.jpg,Personal Care,1.0,,LAKME 9T05 SKINPERFECT COLLECTION SUN EXPERT SUPER MATTE SUNSCREENLOTION SPF25PA++
ok,Knife-20-30,knife-20-30.jpg,Kitchen Accessories,1.0,,chef's knife goor.cook goodcook 81/2n 21.6cm Extratorgo biadefor most cookng noeds longue capblede coucxde Cepan mces
ok,Taj Mahal Tea Bags 25B,taj-mahal-tea-bags-25b.jpg,Tea & Coffee,1.0,,Brooke Bond TAJ MAHAL RELIANCE SNARIPUINT TAJ MAHAI S 10ON CRD 105.00 1920418901030681547000011 Rs/Qty Qty.- Total Rs:-105.00 Includes the eight of packaging Non PCR Label SMADEOF RCES 100 TEA BAGS 100 100.00
ok,Tata Him Rock Salt 500g,tata-him-rock-salt-500g.jpg,Salt & Condiments,1.0,,INDIAS NO.1 TATA ROCK SALT* Salt HIMALAYAN ROCKSALT With Natural Trace Minerals LYABRAND AMEANDDOE EPRESENTITSTRUNATURS
ok,Lakme Blush&glow Fw150g,lakme-blush-glow-fw150g.jpg,Personal Care,1.0,,LAKME BLUSH & GLOW FRUITY-LICIOUS SHEET MASK Pomegranate Punch
ok,Lakme 9to5 Cc 30G,lakme-9to5-cc-30g.jpg,Personal Care,1.0,,LAKME 9T05 SKINPERFECT COLLECTION SUN EXPERT SUPER MATTE SUNSCREENLOTION SPF25PA++
ok,Sugar Free 50 G Jar Gold,sugar-free-50-g-jar-gold.jpg,Sweeteners,1.0,,Sugar Free Gold wootanerforfitnossce Sugar TM Gold Sweetener for fitness conscious India's No.1 Sweetener onlyaBran or Trademark TableTop weetener contitstruefiature
ok,Nivea Soft Cream 25G,nivea-soft-cream-25g.jpg,Personal Care,1.0,,NIVEA soft Per yr the day with Perpy Pomegranate
ok,Maggi Hot & Sweet 200 G(S,maggi-hot-sweet-200-g-s.jpg,Pasta & Noodles,1.0,,Maggi Hote TOMATO CHiLi SAUCE 1Tbsp= Energy Find outmore 11kcal 1% ofGuidelineDay Amounts ofan avg adutt(2000kcal)
ok,Sunfeast Cake 10rs,sunfeast-cake-10rs.jpg,Bakery & Snacks,1.0,,?10/- Sunfeast CAKER CONTANSEGG SLICED SLICECAKE WCHOCOLATEFLAVOUR NET.WEIGHT
ok,Tide 500g,tide-500g.jpg,Household,1.0,,WHIE TIDE 12 fl. oz.
ok,Top Ramen 560g,top-ramen-560g.jpg,Pasta & Noodles,1.0,,Top NISSIN Ramen FLAVOR BEEF NO ADDED MSG TURALE ITAMATES EN DLE SOUP SERVING SUGGESTION
ok,Krack Jack 10rs,krack-jack-10rs.jpg,Bakery & Snacks,1.0,,PARLE Krack 50g Jack THEORIGINAL Sweat&SaltyCrackers EXTRA
ok,Nivea Cream 100 Ml,nivea-cream-100-ml.jpg,Personal Care,1.0,,NIVEA soft Per yr the day with Perpy Pomegranate
ok,Santoor 10rs,santoor-10rs.jpg,Personal Care,1.0,,SANTOOR Skin Moisturising Sandal&Turmeric
ok,Mtr Multigrain Dosa 500g,mtr-multigrain-dosa-500g.jpg,Spices & Masalas,1.0,,MTR Ready Mix SINCE 197A Multigrain Dosa ORIGINAL Breakfast Time EeispandtastyDosalaadedwith thesoedhess ofmuibigrzins aed reabyin an instaat Ageat ely to an theday. Net Quantity: 500g
ok,Him Ex Mois Baby Soap,him-ex-mois-baby-soap.jpg,Personal Care,1.0,,Gentle.Safe·Researched Clinically tested. Ideal for use in winter. Moisturizes baby's skin babysoap Olive moisturizing extra 1930 SINCE FREE FROM imalaya
ok,Pampers L9,pampers-l9.jpg,Baby Care,1.0,,Pampers LON Pampers 100% Leakage Protection Over12hrs baby-dryo newborn Wetness Indicco 21 gls2-5kg Newborn DIAPERS
ok,Kr Kodo Millet 500g,kr-kodo-millet-500g.jpg,Rice & Cereals,1.0,,nativefoodstore .com KODO MILLET NOODLES Ddicious healthy family Meal Net wt 210 gms
ok,Pepsi 20rs,pepsi-20rs.jpg,Beverages,1.0,,pepsi 330ml: 615W 145kcal 100ml: 186k/44kcal
ok,Lakme 9to5 Cc 9G,lakme-9to5-cc-9g.jpg,Personal Care,1.0,,LAKME 9T05 SKINPERFECT COLLECTION SUN EXPERT SUPER MATTE SUNSCREENLOTION SPF25PA++
ok,Pepsi 2 L,pepsi-2-l.jpg,Beverages,1.0,,pepsi 330ml: 615W 145kcal 100ml: 186k/44kcal
ok,Maggi Chicken Noodles-18rs,maggi-chicken-noodles-18rs.jpg,Pasta & Noodles,1.0,,Maggi 2Minute Noodles CHICKEN NET3609
ok,Lakme 9to5 Sun Ex Spf50 Pa+++100ml,lakme-9to5-sun-ex-spf50-pa-100ml.jpg,Personal Care,1.0,,LAKME 9T05 SKINPERFECT COLLECTION SUN EXPERT SUPER MATTE SUNSCREENLOTION SPF25PA++
ok,Sprite 250ml,sprite-250ml.jpg,Beverages,1.0,,Sprite
ok,Nivea Shower Gel,nivea-shower-gel.jpg,Personal Care,1.0,,NIVEA Shower gel Lemon &Oil 250ml
ok,Dove Conditioner Ir 75ml,dove-conditioner-ir-75ml.jpg,Personal Care,1.0,,CONDITIONER rescue hair fall Dove
ok,Dove Conditioner Ds 175ml,dove-conditioner-ds-175ml.jpg,Personal Care,1.0,,CONDITIONER rescue hair fall Dove
ok,Lakme 9 To 5 8G,lakme-9-to-5-8g.jpg,Personal Care,1.0,,LAKME 9T05 SKINPERFECT COLLECTION SUN EXPERT SUPER MATTE SUNSCREENLOTION SPF25PA++
ok,Vicks Vaporub 10G,vicks-vaporub-10g.jpg,Health & Wellness,1.0,,VALUE PACK VICKS VapoRub RELIEVES6COUGH& COLD SYMPTOMS WihMentholCamphor&Eucalyptuso 50ml
ok,Nivea Bl Aloe Hy 200ml,nivea-bl-aloe-hy-200ml.jpg,Personal Care,1.0,,NEW: 5IN1 COMPLETE CARE NIVEA BodyLotion Aloe& Hydration 48h|FastRefreshingMoisture 5in1 Complete care With Deep Moisture Serum AloeVera Normaltodryskin
ok,Nescafe Classic 25 Gm,nescafe-classic-25-gm.jpg,Dairy & Fats,1.0,,COMPACT170 PACK NESCAFE CLASSIC NET 170g
ok,Tide 2Kg,tide-2kg.jpg,Household,1.0,,WHIE TIDE 12 fl. oz.
ok,Complan Royale Cho 200 G(s),complan-royale-cho-200-g-s.jpg,Tea & Coffee,1.0,,"FO Complal YUMMYBESTEVER COMPLAN WITH CLINICALLYPROVEN2XFASTERGROWTH 2X 6cm 3cm OTHER COMPLAN KIDS KIDS 34Vital Nutrients like Calcium,Iron and 100%ProteinfromMilk Provides 2X fastergrowth&improved weightt Supports immunity Improves memoryand math abilityt CreativeVisualization.Otherkidswhoconsumeus"
ok,Ponds 10rs,ponds-10rs.jpg,Personal Care,1.0,,PONDS SANDAL radiance 1009
ok,Horlicks Dia Plus Van200g,horlicks-dia-plus-van200g.jpg,Tea & Coffee,1.0,,"HOWTOMAKEANOURISHINGANDDELICIOUS DAIRYBASEDDRINK(PROPRIETARYFOOD) INGREDIENTS:MilkSolids(75%),DietaryFibre DRINK WITH Horlicks Mother's Plus Whattrin)dawd[Hghlec 1.Take200mlofhotorcold,milkorwater. SunfowOilConSolidodiumaina Add20g(Approx.2heapedspoonfuls) Emulsifier(INS471),Antioxidant(INS305), of "
ok,Maggi Tomato Sauce 200 G(,maggi-tomato-sauce-200-g.jpg,Pasta & Noodles,1.0,,Maggi Richt tomate Saute Na Onion NoGarlic Maggi TOMATO Richt tomats Sauce NET NoOnion NoGarlic QUANTY
ok,Vaseline Daily Bright 200ml,vaseline-daily-bright-200ml.jpg,Personal Care,1.0,,42 OFF N-GREASY Vaseline HEALTHYBRIGHT Daily Brightening EvenTone Lotion VASELINEO JELLY VITAMIN B3 TRIPLE SUNSCREENS WEEKS TOVISIBLY RADIANT SKIN 400ml BodyLotion
ok,D.H Fish Pickle 400 G,d-h-fish-pickle-400-g.jpg,Salt & Condiments,1.0,,AAN scountApp CRE EO Fish Pickle PoidsNet:7.05元 NetWt.20
ok,Kr Appalam 35gm,kr-appalam-35gm.jpg,Bakery & Snacks,1.0,,Kitchen KING HALAL 519n010 APPALAM Jupiter
ok,Axe Oil 3 Ml,axe-oil-3-ml.jpg,Personal Care,1.0,,TRADE MARK AXE BRAND UNIVERSAL OIL A handy medicine for the home For quick relief of cold & headache BN H00724 EXP FOR EXTERNALUSE ONLY Manufacturedby: LEUNGKAIFOOK MEDICALCOPTELTD SINGAPORE No.410MLAPPROX
ok,Him Baby Lotion 50ml,him-baby-lotion-50ml.jpg,Personal Care,1.0,,SIN( Mimalaya SINCE I930 baby baby lotion Our Price aOurPrlce 147 116 INSONSVITAMINE HIMALAYA BABY LOTION
ok,Dabur Almond Hair Oil 50,dabur-almond-hair-oil-50.jpg,Personal Care,1.0,,WORLD'S No.1 HAIROIL NEKPACK Dabur Amla ·STRONGER ·LONGER
ok,Everest Garam Masala 100g,everest-garam-masala-100g.jpg,Spices & Masalas,1.0,,EVEREST GaramMasala Spice Blend For vegetables (Melenged'epicespourleslegumes) NETWI/ POIDS NEL 3.50Z(100g)
ok,Top Ramen 27rs,top-ramen-27rs.jpg,Pasta & Noodles,1.0,,Top NISSIN Ramen FLAVOR BEEF NO ADDED MSG TURALE ITAMATES EN DLE SOUP SERVING SUGGESTION
ok,Yard Deo Mor Dew,yard-deo-mor-dew.jpg,Personal Care,1.0,,YARDLEY NOONOT Morning DEW FRAGRANT BEUTYTALC 97%
ok,Lakme Peach Milk 25G,lakme-peach-milk-25g.jpg,Personal Care,1.0,,LAKME PEACH MILK ULTRA LIGHT-WEIGHT GEL Oil-free 24hrmoisture lock 68734787
ok,Dabur Roghan Badam Shireen,dabur-roghan-badam-shireen.jpg,Dry Fruits & Nuts,1.0,,"FREE Dabur Dabur Honey ROGHAN 100g BADAM worth #62/- SHIREEN BADAMTAIL BENEFITSOF100%PUREBADAMTAIL Goodforheathealth&Helpskeepbrainhealthy SoftandbautitulskinGoodforbabymassa Strong&Healtyhair,Good forbonehealth -Helpsrelieve constipation -Keeps body warm in winter Henee"
ok,Savlon 200ml,savlon-200ml.jpg,Health & Wellness,1.0,,"Savlon Marigold Herbal Hand Wash SavionHerbal LineLiquid Saapwithorganicherbswillfeave youwitha refreshing feeding.Itcontains gentlo cleaningagents and is dermatologicallyfested,pHneutral. Ingediens:Aqua,SodiumLaurethSulfate,SodiumLauryfEthrSuffa CocomideDEA,CocamidopropytBetaine,SodiumChicride,Mari"
ok,Top Ramen 10rs,top-ramen-10rs.jpg,Pasta & Noodles,1.0,,Top NISSIN Ramen FLAVOR BEEF NO ADDED MSG TURALE ITAMATES EN DLE SOUP SERVING SUGGESTION
ok,Dove Men+care 2x16,dove-men-care-2x16.jpg,Personal Care,1.0,,ANTANTI Dove MEN +CARE STAINDEFENSE CLEAN NON-IRRITANT 48h POWERFUL PROTECTION ANTIPERSPIRANT
ok,Kr Little Millet 500g,kr-little-millet-500g.jpg,Rice & Cereals,1.0,,"Cook it like rice mantra Ancient GLUTEN FREE Grains Pearled Little Millet Net Wt.: 1.1lb（17.6oz)(500g) ""Serving suggestion *"
ok,Tide Fl 10rs,tide-fl-10rs.jpg,Household,1.0,,Tide nparate addling oner betto FREACHOF s intoeyes otingest. hands ORIGINAL 1.5kg/51.0
ok,D.H Macaroni 400g,d-h-macaroni-400g.jpg,Pasta & Noodles,1.0,,Everyday Macaroni GESNEDEN-COUPE 8MINUTEN-MINUTES 01/2020 500ge 48772B
ok,Him Gen Baby Soap75g,him-gen-baby-soap75g.jpg,Baby Care,1.0,,Himalaya SINCE 1930 gentle baby shampoo FREEFROM Parabens SLS/SLES SyatheticColors Mild.Notears. Softens nourishes andimproves hair lustre. HIBISCUS·CHICKPEA Clinically tested. GentleSafe Researched
ok,Krack Jack-5,krack-jack-5.jpg,Bakery & Snacks,1.0,,PARLE Krack 50g Jack THEORIGINAL Sweat&SaltyCrackers EXTRA
ok,Knife-40-50,knife-40-50.jpg,Kitchen Accessories,1.0,,chef's knife goor.cook goodcook 81/2n 21.6cm Extratorgo biadefor most cookng noeds longue capblede coucxde Cepan mces
ok,Brit Tiger Krunch Cho 10rs,brit-tiger-krunch-cho-10rs.jpg,Bakery & Snacks,1.0,,MXMY BRITANNIA TM TM TIGER 25% KRUNCH FREE CHOCOCHIPS huurh ao COOKIES
ok,Krack Jack 40rs,krack-jack-40rs.jpg,Bakery & Snacks,1.0,,PARLE Krack 50g Jack THEORIGINAL Sweat&SaltyCrackers EXTRA
ok,Everest Garam Masala 50G,everest-garam-masala-50g.jpg,Spices & Masalas,1.0,,EVEREST GaramMasala Spice Blend For vegetables (Melenged'epicespourleslegumes) NETWI/ POIDS NEL 3.50Z(100g)
ok,Par Rusk 10rs,par-rusk-10rs.jpg,Bakery & Snacks,1.0,,PACKSINSIDE IDIVID PREMIUM RUSK PARLE Real Elaichi
ok,Dove Roll On 50ml,dove-roll-on-50ml.jpg,Personal Care,1.0,,Dove fresh utsingonn pomegranate&lemon verbenasoent 0%alcohol 48h anti-transprant anti-persprant
ok,Pampers L2,pampers-l2.jpg,Baby Care,1.0,,Pampers LON Pampers 100% Leakage Protection Over12hrs baby-dryo newborn Wetness Indicco 21 gls2-5kg Newborn DIAPERS
ok,Vicks Vaporub 5 G,vicks-vaporub-5-g.jpg,Health & Wellness,1.0,,VALUE PACK VICKS VapoRub RELIEVES6COUGH& COLD SYMPTOMS WihMentholCamphor&Eucalyptuso 50ml
ok,Bisleri Soda 600ml,bisleri-soda-600ml.jpg,Beverages,1.0,,Bisleri. CLUB SODA
ok,Fanta 20,fanta-20.jpg,Beverages,1.0,,INE Fanta ORANGE
ok,Nivea Shower Gel 125ml,nivea-shower-gel-125ml.jpg,Personal Care,1.0,,NIVEA Shower gel Lemon &Oil 250ml
ok,Jam O Jam 88G,jam-o-jam-88g.jpg,Salt & Condiments,1.0,,SuperJam KOHODUTIOP STRAWBERRY JAM
ok,Vaseline Glu-hya 70ml,vaseline-glu-hya-70ml.jpg,Personal Care,1.0,,"Vaseline GLUTA-HYA PR RESTORE 70X Walaos yanwolngiwsunsBu naonna oaanipuWaiaos VASELINE GLUTA HYA PRO A JULA"" GE RESTORE MASO"
ok,Ujala 75 Ml,ujala-75-ml.jpg,Household,1.0,,sqenfupofr UJALA Supreme For superwhiteness ofclothes
ok,Tata Grand Filter Coffee 100g,tata-grand-filter-coffee-100g.jpg,Tea & Coffee,1.0,,TATA COFFEE GRAND CLASSIC MRP Inclusive ofall taxes Strong Taste RichAroma flavouredinstant Coffee-ChicoryMix
ok,Maggi Pichkoo,maggi-pichkoo.jpg,Pasta & Noodles,1.0,,Worth FREE Maggi Rich tomats Ketchup ATO CHUP Pichhoo USAGE
ok,D.H Macaroni 200g,d-h-macaroni-200g.jpg,Pasta & Noodles,1.0,,Everyday Macaroni GESNEDEN-COUPE 8MINUTEN-MINUTES 01/2020 500ge 48772B
ok,Savlon 500ml,savlon-500ml.jpg,Health & Wellness,1.0,,"Savlon Marigold Herbal Hand Wash SavionHerbal LineLiquid Saapwithorganicherbswillfeave youwitha refreshing feeding.Itcontains gentlo cleaningagents and is dermatologicallyfested,pHneutral. Ingediens:Aqua,SodiumLaurethSulfate,SodiumLauryfEthrSuffa CocomideDEA,CocamidopropytBetaine,SodiumChicride,Mari"
ok,Tiger Kreemz Choco 5Rs,tiger-kreemz-choco-5rs.jpg,Bakery & Snacks,1.0,,TM RITANNIA USA YORK WEER KREEM? NETWTJPOIDSNET:75g(2.64OZ)
ok,Lakme 9 To 5 30G,lakme-9-to-5-30g.jpg,Personal Care,1.0,,LAKME 9T05 SKINPERFECT COLLECTION SUN EXPERT SUPER MATTE SUNSCREENLOTION SPF25PA++
ok,Tetley Gr Tea L&H,tetley-gr-tea-l-h.jpg,Tea & Coffee,1.0,,Tetley IOOS CERTIFIED BLACKTEA SINCE 1837 BRITISHBLEND PREMIUM BLACK TEA Deliciously Richand Robust 320PEACS NETWT280z(b11oz)(793g)
ok,Jam O Jam 5Rs,jam-o-jam-5rs.jpg,Salt & Condiments,1.0,,SuperJam KOHODUTIOP STRAWBERRY JAM
ok,Grb Gulab Jamun-175g,grb-gulab-jamun-175g.jpg,Chocolates & Candies,1.0,,"GRB MikSofids. Gulab Jamun Delicious delights Lic.No. 12422999001339 Number: D: BY: Netuantity:125g 2024 8906010369675 40 I.ofalltaxes Store in a cool &dry place. away from sunilighit,Do not use if the pack is leaking or puffed stured&Marketeoby DAIRYFOO 4-2 YinhustnarComplex Dindigul624201,TamiMaou"
ok,Ws Soap Citrus 100g,ws-soap-citrus-100g.jpg,Personal Care,1.0,,LONDON Plant Based DISH SOAP VONA citrus TURALCFAGRANG FROMESEITIAI OES SENTEUROARUKTE PANNATURELDHUILES EEIS NON-TOXIGFEPIENTS CHLORINE EE NOPHTRLATES LOSPHAES SENTSUTOXIQUES ORE ANS MADEIN CANADA 739mL FADRIQUE AU CANADA
ok,Cello 45rs,cello-45rs.jpg,Toys & Stationery,1.0,,CELLO 25%LESS FATTHAN REGULARFETACHEESE REDUCED FAT FETA CHEESE CRUMBLES KEEP REFRIGERATEDP8OHFREE” NETWT5OZ(142g)
ok,Kr Ragi Puttu 500g,kr-ragi-puttu-500g.jpg,Rice & Cereals,1.0,,NIRAPARA haloutofmaiingputtu. Emixhastakenalthe toyummybrealdas withade Ragi aroma. Net Wt. Puttu Podi 1Kg 35.27oz STEAM Net Wi
ok,Knife-10-20,knife-10-20.jpg,Kitchen Accessories,1.0,,chef's knife goor.cook goodcook 81/2n 21.6cm Extratorgo biadefor most cookng noeds longue capblede coucxde Cepan mces
ok,Fevikwik 0.5 G,fevikwik-0-5-g.jpg,Toys & Stationery,1.0,,Nondrip Fevikwik Gel THICKER FORMULA CONTROLLED APPLICATION FOR METAL RUBBERLEATHER ANDOARDWOOD MOSTPUASTICS
ok,Knife,knife.jpg,Kitchen Accessories,1.0,,chef's knife goor.cook goodcook 81/2n 21.6cm Extratorgo biadefor most cookng noeds longue capblede coucxde Cepan mces
ok,Cello 30,cello-30.jpg,Toys & Stationery,1.0,,CELLO 25%LESS FATTHAN REGULARFETACHEESE REDUCED FAT FETA CHEESE CRUMBLES KEEP REFRIGERATEDP8OHFREE” NETWT5OZ(142g)
ok,Chocopie 50 G,chocopie-50-g.jpg,Chocolates & Candies,1.0,,CHOCOPIES Chocolate Pre cocoalanc
ok,Lunch Bag,lunch-bag.jpg,Kitchen Accessories,1.0,,etfuttt FATEREE NOTFRE GLOTENF NOT GE PIZZA MAdRAS GUMMI CANDY 080573142572 O0AST EFRUTTIGUMMI $2.99 SOUR GOMMi FRIER LUNCH BAG NETWT:2.70Z(779)
